dataset,expression,chain_of_thought,answer
OOD,(((109 - 300) + (426 * 393)) - ((333 - 115) - (283 * 166))),"[""Compute 109 - 300 = -191."", ""Compute 426 * 393 = 167418."", ""Compute -191 + 167418 = 167227."", ""Compute 333 - 115 = 218."", ""Compute 283 * 166 = 46978."", ""Compute 218 - 46978 = -46760."", ""Compute 167227 - -46760 = 213987.""]",213987
OOD,(((320 + 428) - (103 + 225)) - ((475 * 437) * (299 - 327))),"[""Compute 320 + 428 = 748."", ""Compute 103 + 225 = 328."", ""Compute 748 - 328 = 420."", ""Compute 475 * 437 = 207575."", ""Compute 299 - 327 = -28."", ""Compute 207575 * -28 = -5812100."", ""Compute 420 - -5812100 = 5812520.""]",5812520
OOD,(((487 * 331) + (403 - 377)) * ((240 + 266) * (208 * 137))),"[""Compute 487 * 331 = 161197."", ""Compute 403 - 377 = 26."", ""Compute 161197 + 26 = 161223."", ""Compute 240 + 266 = 506."", ""Compute 208 * 137 = 28496."", ""Compute 506 * 28496 = 14418976."", ""Compute 161223 * 14418976 = 2324670567648.""]",2324670567648
OOD,(((149 * 440) + (272 - 111)) + ((229 - 105) + (460 + 321))),"[""Compute 149 * 440 = 65560."", ""Compute 272 - 111 = 161."", ""Compute 65560 + 161 = 65721."", ""Compute 229 - 105 = 124."", ""Compute 460 + 321 = 781."", ""Compute 124 + 781 = 905."", ""Compute 65721 + 905 = 66626.""]",66626
OOD,(((235 - 371) * (416 * 321)) + ((492 + 277) + (323 - 496))),"[""Compute 235 - 371 = -136."", ""Compute 416 * 321 = 133536."", ""Compute -136 * 133536 = -18160896."", ""Compute 492 + 277 = 769."", ""Compute 323 - 496 = -173."", ""Compute 769 + -173 = 596."", ""Compute -18160896 + 596 = -18160300.""]",-18160300
OOD,(((229 - 152) + (433 * 439)) * ((437 - 447) * (159 - 411))),"[""Compute 229 - 152 = 77."", ""Compute 433 * 439 = 190087."", ""Compute 77 + 190087 = 190164."", ""Compute 437 - 447 = -10."", ""Compute 159 - 411 = -252."", ""Compute -10 * -252 = 2520."", ""Compute 190164 * 2520 = 479213280.""]",479213280
OOD,(((293 * 264) * (416 - 347)) * ((120 - 449) * (412 + 184))),"[""Compute 293 * 264 = 77352."", ""Compute 416 - 347 = 69."", ""Compute 77352 * 69 = 5337288."", ""Compute 120 - 449 = -329."", ""Compute 412 + 184 = 596."", ""Compute -329 * 596 = -196084."", ""Compute 5337288 * -196084 = -1046556780192.""]",-1046556780192
OOD,(((391 + 150) - (354 + 470)) - ((377 * 199) * (179 * 136))),"[""Compute 391 + 150 = 541."", ""Compute 354 + 470 = 824."", ""Compute 541 - 824 = -283."", ""Compute 377 * 199 = 75023."", ""Compute 179 * 136 = 24344."", ""Compute 75023 * 24344 = 1826359912."", ""Compute -283 - 1826359912 = -1826360195.""]",-1826360195
OOD,(((277 + 208) - (485 + 273)) * ((256 * 447) * (247 * 449))),"[""Compute 277 + 208 = 485."", ""Compute 485 + 273 = 758."", ""Compute 485 - 758 = -273."", ""Compute 256 * 447 = 114432."", ""Compute 247 * 449 = 110903."", ""Compute 114432 * 110903 = 12690852096."", ""Compute -273 * 12690852096 = -3464602622208.""]",-3464602622208
OOD,(((473 - 274) - (271 - 321)) + ((362 - 424) - (278 - 452))),"[""Compute 473 - 274 = 199."", ""Compute 271 - 321 = -50."", ""Compute 199 - -50 = 249."", ""Compute 362 - 424 = -62."", ""Compute 278 - 452 = -174."", ""Compute -62 - -174 = 112."", ""Compute 249 + 112 = 361.""]",361
OOD,(((401 + 427) - (187 * 316)) + ((223 - 440) - (456 * 365))),"[""Compute 401 + 427 = 828."", ""Compute 187 * 316 = 59092."", ""Compute 828 - 59092 = -58264."", ""Compute 223 - 440 = -217."", ""Compute 456 * 365 = 166440."", ""Compute -217 - 166440 = -166657."", ""Compute -58264 + -166657 = -224921.""]",-224921
OOD,(((192 * 481) * (390 * 469)) + ((270 - 473) * (405 * 145))),"[""Compute 192 * 481 = 92352."", ""Compute 390 * 469 = 182910."", ""Compute 92352 * 182910 = 16892104320."", ""Compute 270 - 473 = -203."", ""Compute 405 * 145 = 58725."", ""Compute -203 * 58725 = -11921175."", ""Compute 16892104320 + -11921175 = 16880183145.""]",16880183145
OOD,(((109 * 334) - (428 - 289)) + ((193 * 418) - (292 + 360))),"[""Compute 109 * 334 = 36406."", ""Compute 428 - 289 = 139."", ""Compute 36406 - 139 = 36267."", ""Compute 193 * 418 = 80674."", ""Compute 292 + 360 = 652."", ""Compute 80674 - 652 = 80022."", ""Compute 36267 + 80022 = 116289.""]",116289
OOD,(((322 - 250) + (463 + 118)) - ((463 - 233) * (425 - 312))),"[""Compute 322 - 250 = 72."", ""Compute 463 + 118 = 581."", ""Compute 72 + 581 = 653."", ""Compute 463 - 233 = 230."", ""Compute 425 - 312 = 113."", ""Compute 230 * 113 = 25990."", ""Compute 653 - 25990 = -25337.""]",-25337
OOD,(((288 + 184) - (498 + 488)) - ((423 - 304) + (132 * 172))),"[""Compute 288 + 184 = 472."", ""Compute 498 + 488 = 986."", ""Compute 472 - 986 = -514."", ""Compute 423 - 304 = 119."", ""Compute 132 * 172 = 22704."", ""Compute 119 + 22704 = 22823."", ""Compute -514 - 22823 = -23337.""]",-23337
OOD,(((170 + 468) - (166 - 268)) - ((225 - 328) * (122 + 326))),"[""Compute 170 + 468 = 638."", ""Compute 166 - 268 = -102."", ""Compute 638 - -102 = 740."", ""Compute 225 - 328 = -103."", ""Compute 122 + 326 = 448."", ""Compute -103 * 448 = -46144."", ""Compute 740 - -46144 = 46884.""]",46884
OOD,(((242 * 344) + (193 - 406)) + ((456 - 153) * (304 + 337))),"[""Compute 242 * 344 = 83248."", ""Compute 193 - 406 = -213."", ""Compute 83248 + -213 = 83035."", ""Compute 456 - 153 = 303."", ""Compute 304 + 337 = 641."", ""Compute 303 * 641 = 194223."", ""Compute 83035 + 194223 = 277258.""]",277258
OOD,(((490 * 345) - (191 * 139)) - ((374 + 231) + (316 - 261))),"[""Compute 490 * 345 = 169050."", ""Compute 191 * 139 = 26549."", ""Compute 169050 - 26549 = 142501."", ""Compute 374 + 231 = 605."", ""Compute 316 - 261 = 55."", ""Compute 605 + 55 = 660."", ""Compute 142501 - 660 = 141841.""]",141841
OOD,(((470 - 110) - (407 * 251)) * ((291 * 373) - (386 - 346))),"[""Compute 470 - 110 = 360."", ""Compute 407 * 251 = 102157."", ""Compute 360 - 102157 = -101797."", ""Compute 291 * 373 = 108543."", ""Compute 386 - 346 = 40."", ""Compute 108543 - 40 = 108503."", ""Compute -101797 * 108503 = -11045279891.""]",-11045279891
OOD,(((483 - 324) * (164 - 280)) - ((441 - 451) - (131 - 373))),"[""Compute 483 - 324 = 159."", ""Compute 164 - 280 = -116."", ""Compute 159 * -116 = -18444."", ""Compute 441 - 451 = -10."", ""Compute 131 - 373 = -242."", ""Compute -10 - -242 = 232."", ""Compute -18444 - 232 = -18676.""]",-18676
OOD,(((212 * 171) + (251 * 269)) - ((189 + 353) - (146 * 470))),"[""Compute 212 * 171 = 36252."", ""Compute 251 * 269 = 67519."", ""Compute 36252 + 67519 = 103771."", ""Compute 189 + 353 = 542."", ""Compute 146 * 470 = 68620."", ""Compute 542 - 68620 = -68078."", ""Compute 103771 - -68078 = 171849.""]",171849
OOD,(((125 + 236) - (361 - 222)) - ((315 + 287) - (496 * 105))),"[""Compute 125 + 236 = 361."", ""Compute 361 - 222 = 139."", ""Compute 361 - 139 = 222."", ""Compute 315 + 287 = 602."", ""Compute 496 * 105 = 52080."", ""Compute 602 - 52080 = -51478."", ""Compute 222 - -51478 = 51700.""]",51700
OOD,(((386 - 202) * (458 - 103)) + ((337 + 295) - (152 - 103))),"[""Compute 386 - 202 = 184."", ""Compute 458 - 103 = 355."", ""Compute 184 * 355 = 65320."", ""Compute 337 + 295 = 632."", ""Compute 152 - 103 = 49."", ""Compute 632 - 49 = 583."", ""Compute 65320 + 583 = 65903.""]",65903
OOD,(((281 + 488) + (138 + 113)) - ((308 - 172) - (466 + 113))),"[""Compute 281 + 488 = 769."", ""Compute 138 + 113 = 251."", ""Compute 769 + 251 = 1020."", ""Compute 308 - 172 = 136."", ""Compute 466 + 113 = 579."", ""Compute 136 - 579 = -443."", ""Compute 1020 - -443 = 1463.""]",1463
OOD,(((158 - 204) + (294 * 319)) * ((434 - 210) * (457 * 356))),"[""Compute 158 - 204 = -46."", ""Compute 294 * 319 = 93786."", ""Compute -46 + 93786 = 93740."", ""Compute 434 - 210 = 224."", ""Compute 457 * 356 = 162692."", ""Compute 224 * 162692 = 36443008."", ""Compute 93740 * 36443008 = 3416167569920.""]",3416167569920
OOD,(((301 - 395) + (243 - 104)) - ((323 * 266) - (308 * 490))),"[""Compute 301 - 395 = -94."", ""Compute 243 - 104 = 139."", ""Compute -94 + 139 = 45."", ""Compute 323 * 266 = 85918."", ""Compute 308 * 490 = 150920."", ""Compute 85918 - 150920 = -65002."", ""Compute 45 - -65002 = 65047.""]",65047
OOD,(((259 + 349) + (345 * 105)) - ((116 * 157) - (119 - 316))),"[""Compute 259 + 349 = 608."", ""Compute 345 * 105 = 36225."", ""Compute 608 + 36225 = 36833."", ""Compute 116 * 157 = 18212."", ""Compute 119 - 316 = -197."", ""Compute 18212 - -197 = 18409."", ""Compute 36833 - 18409 = 18424.""]",18424
OOD,(((256 * 306) * (386 * 424)) - ((278 + 204) * (429 - 496))),"[""Compute 256 * 306 = 78336."", ""Compute 386 * 424 = 163664."", ""Compute 78336 * 163664 = 12820783104."", ""Compute 278 + 204 = 482."", ""Compute 429 - 496 = -67."", ""Compute 482 * -67 = -32294."", ""Compute 12820783104 - -32294 = 12820815398.""]",12820815398
OOD,(((150 + 357) + (295 + 283)) * ((398 + 213) * (114 - 112))),"[""Compute 150 + 357 = 507."", ""Compute 295 + 283 = 578."", ""Compute 507 + 578 = 1085."", ""Compute 398 + 213 = 611."", ""Compute 114 - 112 = 2."", ""Compute 611 * 2 = 1222."", ""Compute 1085 * 1222 = 1325870.""]",1325870
OOD,(((299 + 493) - (477 * 111)) * ((228 * 328) - (361 * 254))),"[""Compute 299 + 493 = 792."", ""Compute 477 * 111 = 52947."", ""Compute 792 - 52947 = -52155."", ""Compute 228 * 328 = 74784."", ""Compute 361 * 254 = 91694."", ""Compute 74784 - 91694 = -16910."", ""Compute -52155 * -16910 = 881941050.""]",881941050
OOD,(((407 + 285) * (384 - 405)) * ((235 + 298) * (158 - 250))),"[""Compute 407 + 285 = 692."", ""Compute 384 - 405 = -21."", ""Compute 692 * -21 = -14532."", ""Compute 235 + 298 = 533."", ""Compute 158 - 250 = -92."", ""Compute 533 * -92 = -49036."", ""Compute -14532 * -49036 = 712591152.""]",712591152
OOD,(((463 - 493) * (437 * 205)) - ((462 - 201) - (373 * 103))),"[""Compute 463 - 493 = -30."", ""Compute 437 * 205 = 89585."", ""Compute -30 * 89585 = -2687550."", ""Compute 462 - 201 = 261."", ""Compute 373 * 103 = 38419."", ""Compute 261 - 38419 = -38158."", ""Compute -2687550 - -38158 = -2649392.""]",-2649392
OOD,(((124 + 213) + (451 + 296)) - ((131 - 349) - (329 * 215))),"[""Compute 124 + 213 = 337."", ""Compute 451 + 296 = 747."", ""Compute 337 + 747 = 1084."", ""Compute 131 - 349 = -218."", ""Compute 329 * 215 = 70735."", ""Compute -218 - 70735 = -70953."", ""Compute 1084 - -70953 = 72037.""]",72037
OOD,(((125 - 472) * (123 + 123)) + ((333 + 385) * (190 + 292))),"[""Compute 125 - 472 = -347."", ""Compute 123 + 123 = 246."", ""Compute -347 * 246 = -85362."", ""Compute 333 + 385 = 718."", ""Compute 190 + 292 = 482."", ""Compute 718 * 482 = 346076."", ""Compute -85362 + 346076 = 260714.""]",260714
OOD,(((318 * 176) - (245 - 500)) * ((102 + 121) + (154 * 441))),"[""Compute 318 * 176 = 55968."", ""Compute 245 - 500 = -255."", ""Compute 55968 - -255 = 56223."", ""Compute 102 + 121 = 223."", ""Compute 154 * 441 = 67914."", ""Compute 223 + 67914 = 68137."", ""Compute 56223 * 68137 = 3830866551.""]",3830866551
OOD,(((149 - 143) * (341 + 234)) * ((426 + 108) - (395 * 196))),"[""Compute 149 - 143 = 6."", ""Compute 341 + 234 = 575."", ""Compute 6 * 575 = 3450."", ""Compute 426 + 108 = 534."", ""Compute 395 * 196 = 77420."", ""Compute 534 - 77420 = -76886."", ""Compute 3450 * -76886 = -265256700.""]",-265256700
OOD,(((248 * 170) - (300 + 174)) - ((271 * 263) + (133 + 110))),"[""Compute 248 * 170 = 42160."", ""Compute 300 + 174 = 474."", ""Compute 42160 - 474 = 41686."", ""Compute 271 * 263 = 71273."", ""Compute 133 + 110 = 243."", ""Compute 71273 + 243 = 71516."", ""Compute 41686 - 71516 = -29830.""]",-29830
OOD,(((108 + 416) - (308 - 248)) - ((487 - 196) - (180 + 409))),"[""Compute 108 + 416 = 524."", ""Compute 308 - 248 = 60."", ""Compute 524 - 60 = 464."", ""Compute 487 - 196 = 291."", ""Compute 180 + 409 = 589."", ""Compute 291 - 589 = -298."", ""Compute 464 - -298 = 762.""]",762
OOD,(((316 - 180) * (487 * 304)) + ((248 - 176) * (357 - 161))),"[""Compute 316 - 180 = 136."", ""Compute 487 * 304 = 148048."", ""Compute 136 * 148048 = 20134528."", ""Compute 248 - 176 = 72."", ""Compute 357 - 161 = 196."", ""Compute 72 * 196 = 14112."", ""Compute 20134528 + 14112 = 20148640.""]",20148640
OOD,(((367 - 412) * (216 * 296)) * ((187 - 167) + (444 + 325))),"[""Compute 367 - 412 = -45."", ""Compute 216 * 296 = 63936."", ""Compute -45 * 63936 = -2877120."", ""Compute 187 - 167 = 20."", ""Compute 444 + 325 = 769."", ""Compute 20 + 769 = 789."", ""Compute -2877120 * 789 = -2270047680.""]",-2270047680
OOD,(((216 * 500) * (180 * 377)) + ((416 + 352) * (374 * 466))),"[""Compute 216 * 500 = 108000."", ""Compute 180 * 377 = 67860."", ""Compute 108000 * 67860 = 7328880000."", ""Compute 416 + 352 = 768."", ""Compute 374 * 466 = 174284."", ""Compute 768 * 174284 = 133850112."", ""Compute 7328880000 + 133850112 = 7462730112.""]",7462730112
OOD,(((161 + 282) - (290 * 315)) * ((450 * 113) + (180 - 193))),"[""Compute 161 + 282 = 443."", ""Compute 290 * 315 = 91350."", ""Compute 443 - 91350 = -90907."", ""Compute 450 * 113 = 50850."", ""Compute 180 - 193 = -13."", ""Compute 50850 + -13 = 50837."", ""Compute -90907 * 50837 = -4621439159.""]",-4621439159
OOD,(((468 - 295) + (294 - 413)) + ((397 * 330) * (384 * 272))),"[""Compute 468 - 295 = 173."", ""Compute 294 - 413 = -119."", ""Compute 173 + -119 = 54."", ""Compute 397 * 330 = 131010."", ""Compute 384 * 272 = 104448."", ""Compute 131010 * 104448 = 13683732480."", ""Compute 54 + 13683732480 = 13683732534.""]",13683732534
OOD,(((439 + 436) * (200 * 372)) + ((443 - 198) * (476 * 242))),"[""Compute 439 + 436 = 875."", ""Compute 200 * 372 = 74400."", ""Compute 875 * 74400 = 65100000."", ""Compute 443 - 198 = 245."", ""Compute 476 * 242 = 115192."", ""Compute 245 * 115192 = 28222040."", ""Compute 65100000 + 28222040 = 93322040.""]",93322040
OOD,(((123 + 231) + (209 * 272)) + ((270 * 430) + (166 * 242))),"[""Compute 123 + 231 = 354."", ""Compute 209 * 272 = 56848."", ""Compute 354 + 56848 = 57202."", ""Compute 270 * 430 = 116100."", ""Compute 166 * 242 = 40172."", ""Compute 116100 + 40172 = 156272."", ""Compute 57202 + 156272 = 213474.""]",213474
OOD,(((495 - 143) * (460 - 146)) + ((166 - 108) + (337 - 239))),"[""Compute 495 - 143 = 352."", ""Compute 460 - 146 = 314."", ""Compute 352 * 314 = 110528."", ""Compute 166 - 108 = 58."", ""Compute 337 - 239 = 98."", ""Compute 58 + 98 = 156."", ""Compute 110528 + 156 = 110684.""]",110684
OOD,(((449 - 445) - (331 - 186)) * ((487 * 403) + (380 * 193))),"[""Compute 449 - 445 = 4."", ""Compute 331 - 186 = 145."", ""Compute 4 - 145 = -141."", ""Compute 487 * 403 = 196261."", ""Compute 380 * 193 = 73340."", ""Compute 196261 + 73340 = 269601."", ""Compute -141 * 269601 = -38013741.""]",-38013741
OOD,(((219 * 418) + (162 * 211)) + ((322 + 445) * (202 - 330))),"[""Compute 219 * 418 = 91542."", ""Compute 162 * 211 = 34182."", ""Compute 91542 + 34182 = 125724."", ""Compute 322 + 445 = 767."", ""Compute 202 - 330 = -128."", ""Compute 767 * -128 = -98176."", ""Compute 125724 + -98176 = 27548.""]",27548
OOD,(((136 * 169) - (254 + 283)) * ((373 + 265) + (369 + 376))),"[""Compute 136 * 169 = 22984."", ""Compute 254 + 283 = 537."", ""Compute 22984 - 537 = 22447."", ""Compute 373 + 265 = 638."", ""Compute 369 + 376 = 745."", ""Compute 638 + 745 = 1383."", ""Compute 22447 * 1383 = 31044201.""]",31044201
OOD,(((363 * 329) - (362 + 385)) - ((389 - 409) + (226 - 367))),"[""Compute 363 * 329 = 119427."", ""Compute 362 + 385 = 747."", ""Compute 119427 - 747 = 118680."", ""Compute 389 - 409 = -20."", ""Compute 226 - 367 = -141."", ""Compute -20 + -141 = -161."", ""Compute 118680 - -161 = 118841.""]",118841
OOD,(((320 + 380) - (341 - 450)) * ((372 + 134) * (358 + 279))),"[""Compute 320 + 380 = 700."", ""Compute 341 - 450 = -109."", ""Compute 700 - -109 = 809."", ""Compute 372 + 134 = 506."", ""Compute 358 + 279 = 637."", ""Compute 506 * 637 = 322322."", ""Compute 809 * 322322 = 260758498.""]",260758498
OOD,(((287 + 313) + (404 + 364)) * ((481 * 497) + (479 * 360))),"[""Compute 287 + 313 = 600."", ""Compute 404 + 364 = 768."", ""Compute 600 + 768 = 1368."", ""Compute 481 * 497 = 239057."", ""Compute 479 * 360 = 172440."", ""Compute 239057 + 172440 = 411497."", ""Compute 1368 * 411497 = 562927896.""]",562927896
OOD,(((321 + 171) * (174 * 230)) + ((408 - 324) * (411 + 349))),"[""Compute 321 + 171 = 492."", ""Compute 174 * 230 = 40020."", ""Compute 492 * 40020 = 19689840."", ""Compute 408 - 324 = 84."", ""Compute 411 + 349 = 760."", ""Compute 84 * 760 = 63840."", ""Compute 19689840 + 63840 = 19753680.""]",19753680
OOD,(((212 * 343) + (441 * 413)) * ((190 - 411) - (401 - 350))),"[""Compute 212 * 343 = 72716."", ""Compute 441 * 413 = 182133."", ""Compute 72716 + 182133 = 254849."", ""Compute 190 - 411 = -221."", ""Compute 401 - 350 = 51."", ""Compute -221 - 51 = -272."", ""Compute 254849 * -272 = -69318928.""]",-69318928
OOD,(((178 - 351) * (346 * 242)) - ((433 + 250) * (318 + 145))),"[""Compute 178 - 351 = -173."", ""Compute 346 * 242 = 83732."", ""Compute -173 * 83732 = -14485636."", ""Compute 433 + 250 = 683."", ""Compute 318 + 145 = 463."", ""Compute 683 * 463 = 316229."", ""Compute -14485636 - 316229 = -14801865.""]",-14801865
OOD,(((344 - 188) + (184 - 359)) + ((403 + 436) - (489 * 130))),"[""Compute 344 - 188 = 156."", ""Compute 184 - 359 = -175."", ""Compute 156 + -175 = -19."", ""Compute 403 + 436 = 839."", ""Compute 489 * 130 = 63570."", ""Compute 839 - 63570 = -62731."", ""Compute -19 + -62731 = -62750.""]",-62750
OOD,(((173 - 449) - (410 + 282)) * ((264 + 342) + (439 + 357))),"[""Compute 173 - 449 = -276."", ""Compute 410 + 282 = 692."", ""Compute -276 - 692 = -968."", ""Compute 264 + 342 = 606."", ""Compute 439 + 357 = 796."", ""Compute 606 + 796 = 1402."", ""Compute -968 * 1402 = -1357136.""]",-1357136
OOD,(((140 + 127) * (313 * 469)) * ((344 * 260) - (265 - 229))),"[""Compute 140 + 127 = 267."", ""Compute 313 * 469 = 146797."", ""Compute 267 * 146797 = 39194799."", ""Compute 344 * 260 = 89440."", ""Compute 265 - 229 = 36."", ""Compute 89440 - 36 = 89404."", ""Compute 39194799 * 89404 = 3504171809796.""]",3504171809796
OOD,(((339 * 355) + (186 + 219)) + ((306 * 215) + (195 * 471))),"[""Compute 339 * 355 = 120345."", ""Compute 186 + 219 = 405."", ""Compute 120345 + 405 = 120750."", ""Compute 306 * 215 = 65790."", ""Compute 195 * 471 = 91845."", ""Compute 65790 + 91845 = 157635."", ""Compute 120750 + 157635 = 278385.""]",278385
OOD,(((359 + 337) * (430 - 307)) + ((173 - 420) + (230 - 394))),"[""Compute 359 + 337 = 696."", ""Compute 430 - 307 = 123."", ""Compute 696 * 123 = 85608."", ""Compute 173 - 420 = -247."", ""Compute 230 - 394 = -164."", ""Compute -247 + -164 = -411."", ""Compute 85608 + -411 = 85197.""]",85197
OOD,(((232 + 181) + (346 + 486)) - ((123 + 164) + (484 + 500))),"[""Compute 232 + 181 = 413."", ""Compute 346 + 486 = 832."", ""Compute 413 + 832 = 1245."", ""Compute 123 + 164 = 287."", ""Compute 484 + 500 = 984."", ""Compute 287 + 984 = 1271."", ""Compute 1245 - 1271 = -26.""]",-26
OOD,(((211 - 176) - (246 + 132)) + ((144 - 461) * (189 - 363))),"[""Compute 211 - 176 = 35."", ""Compute 246 + 132 = 378."", ""Compute 35 - 378 = -343."", ""Compute 144 - 461 = -317."", ""Compute 189 - 363 = -174."", ""Compute -317 * -174 = 55158."", ""Compute -343 + 55158 = 54815.""]",54815
OOD,(((440 + 321) * (473 + 229)) + ((142 - 303) - (281 * 319))),"[""Compute 440 + 321 = 761."", ""Compute 473 + 229 = 702."", ""Compute 761 * 702 = 534222."", ""Compute 142 - 303 = -161."", ""Compute 281 * 319 = 89639."", ""Compute -161 - 89639 = -89800."", ""Compute 534222 + -89800 = 444422.""]",444422
OOD,(((164 + 485) * (272 * 471)) - ((275 - 152) + (380 * 464))),"[""Compute 164 + 485 = 649."", ""Compute 272 * 471 = 128112."", ""Compute 649 * 128112 = 83144688."", ""Compute 275 - 152 = 123."", ""Compute 380 * 464 = 176320."", ""Compute 123 + 176320 = 176443."", ""Compute 83144688 - 176443 = 82968245.""]",82968245
OOD,(((259 + 500) - (404 * 299)) - ((161 + 492) + (171 - 294))),"[""Compute 259 + 500 = 759."", ""Compute 404 * 299 = 120796."", ""Compute 759 - 120796 = -120037."", ""Compute 161 + 492 = 653."", ""Compute 171 - 294 = -123."", ""Compute 653 + -123 = 530."", ""Compute -120037 - 530 = -120567.""]",-120567
OOD,(((438 * 384) + (270 + 371)) + ((140 * 118) * (405 * 456))),"[""Compute 438 * 384 = 168192."", ""Compute 270 + 371 = 641."", ""Compute 168192 + 641 = 168833."", ""Compute 140 * 118 = 16520."", ""Compute 405 * 456 = 184680."", ""Compute 16520 * 184680 = 3050913600."", ""Compute 168833 + 3050913600 = 3051082433.""]",3051082433
OOD,(((273 + 479) - (399 + 243)) + ((293 + 225) + (355 + 158))),"[""Compute 273 + 479 = 752."", ""Compute 399 + 243 = 642."", ""Compute 752 - 642 = 110."", ""Compute 293 + 225 = 518."", ""Compute 355 + 158 = 513."", ""Compute 518 + 513 = 1031."", ""Compute 110 + 1031 = 1141.""]",1141
OOD,(((478 * 472) - (289 * 331)) * ((456 - 363) - (272 - 493))),"[""Compute 478 * 472 = 225616."", ""Compute 289 * 331 = 95659."", ""Compute 225616 - 95659 = 129957."", ""Compute 456 - 363 = 93."", ""Compute 272 - 493 = -221."", ""Compute 93 - -221 = 314."", ""Compute 129957 * 314 = 40806498.""]",40806498
OOD,(((382 * 287) - (226 * 268)) + ((170 - 341) * (105 - 190))),"[""Compute 382 * 287 = 109634."", ""Compute 226 * 268 = 60568."", ""Compute 109634 - 60568 = 49066."", ""Compute 170 - 341 = -171."", ""Compute 105 - 190 = -85."", ""Compute -171 * -85 = 14535."", ""Compute 49066 + 14535 = 63601.""]",63601
OOD,(((245 + 227) * (499 - 320)) + ((392 + 492) * (418 + 279))),"[""Compute 245 + 227 = 472."", ""Compute 499 - 320 = 179."", ""Compute 472 * 179 = 84488."", ""Compute 392 + 492 = 884."", ""Compute 418 + 279 = 697."", ""Compute 884 * 697 = 616148."", ""Compute 84488 + 616148 = 700636.""]",700636
OOD,(((375 - 180) + (108 + 119)) + ((247 - 401) * (173 - 479))),"[""Compute 375 - 180 = 195."", ""Compute 108 + 119 = 227."", ""Compute 195 + 227 = 422."", ""Compute 247 - 401 = -154."", ""Compute 173 - 479 = -306."", ""Compute -154 * -306 = 47124."", ""Compute 422 + 47124 = 47546.""]",47546
OOD,(((250 - 439) + (396 * 464)) + ((264 * 480) + (416 - 163))),"[""Compute 250 - 439 = -189."", ""Compute 396 * 464 = 183744."", ""Compute -189 + 183744 = 183555."", ""Compute 264 * 480 = 126720."", ""Compute 416 - 163 = 253."", ""Compute 126720 + 253 = 126973."", ""Compute 183555 + 126973 = 310528.""]",310528
OOD,(((478 + 320) - (264 + 467)) - ((163 * 104) - (497 + 117))),"[""Compute 478 + 320 = 798."", ""Compute 264 + 467 = 731."", ""Compute 798 - 731 = 67."", ""Compute 163 * 104 = 16952."", ""Compute 497 + 117 = 614."", ""Compute 16952 - 614 = 16338."", ""Compute 67 - 16338 = -16271.""]",-16271
OOD,(((383 - 272) - (448 - 137)) + ((440 + 332) - (382 + 143))),"[""Compute 383 - 272 = 111."", ""Compute 448 - 137 = 311."", ""Compute 111 - 311 = -200."", ""Compute 440 + 332 = 772."", ""Compute 382 + 143 = 525."", ""Compute 772 - 525 = 247."", ""Compute -200 + 247 = 47.""]",47
OOD,(((483 * 367) - (261 * 161)) + ((102 - 483) + (320 + 361))),"[""Compute 483 * 367 = 177261."", ""Compute 261 * 161 = 42021."", ""Compute 177261 - 42021 = 135240."", ""Compute 102 - 483 = -381."", ""Compute 320 + 361 = 681."", ""Compute -381 + 681 = 300."", ""Compute 135240 + 300 = 135540.""]",135540
OOD,(((363 - 114) - (155 + 434)) * ((184 - 142) * (262 + 240))),"[""Compute 363 - 114 = 249."", ""Compute 155 + 434 = 589."", ""Compute 249 - 589 = -340."", ""Compute 184 - 142 = 42."", ""Compute 262 + 240 = 502."", ""Compute 42 * 502 = 21084."", ""Compute -340 * 21084 = -7168560.""]",-7168560
OOD,(((487 * 464) + (273 + 298)) * ((193 + 242) - (103 + 370))),"[""Compute 487 * 464 = 225968."", ""Compute 273 + 298 = 571."", ""Compute 225968 + 571 = 226539."", ""Compute 193 + 242 = 435."", ""Compute 103 + 370 = 473."", ""Compute 435 - 473 = -38."", ""Compute 226539 * -38 = -8608482.""]",-8608482
OOD,(((268 + 475) - (220 - 445)) - ((386 * 172) - (449 + 279))),"[""Compute 268 + 475 = 743."", ""Compute 220 - 445 = -225."", ""Compute 743 - -225 = 968."", ""Compute 386 * 172 = 66392."", ""Compute 449 + 279 = 728."", ""Compute 66392 - 728 = 65664."", ""Compute 968 - 65664 = -64696.""]",-64696
OOD,(((258 - 355) - (184 + 292)) * ((389 * 157) - (432 + 180))),"[""Compute 258 - 355 = -97."", ""Compute 184 + 292 = 476."", ""Compute -97 - 476 = -573."", ""Compute 389 * 157 = 61073."", ""Compute 432 + 180 = 612."", ""Compute 61073 - 612 = 60461."", ""Compute -573 * 60461 = -34644153.""]",-34644153
OOD,(((170 * 310) - (344 - 295)) + ((271 + 166) + (165 - 443))),"[""Compute 170 * 310 = 52700."", ""Compute 344 - 295 = 49."", ""Compute 52700 - 49 = 52651."", ""Compute 271 + 166 = 437."", ""Compute 165 - 443 = -278."", ""Compute 437 + -278 = 159."", ""Compute 52651 + 159 = 52810.""]",52810
OOD,(((225 - 385) - (396 * 489)) + ((349 * 148) - (487 - 302))),"[""Compute 225 - 385 = -160."", ""Compute 396 * 489 = 193644."", ""Compute -160 - 193644 = -193804."", ""Compute 349 * 148 = 51652."", ""Compute 487 - 302 = 185."", ""Compute 51652 - 185 = 51467."", ""Compute -193804 + 51467 = -142337.""]",-142337
OOD,(((286 * 101) + (306 - 382)) + ((365 - 468) - (284 * 187))),"[""Compute 286 * 101 = 28886."", ""Compute 306 - 382 = -76."", ""Compute 28886 + -76 = 28810."", ""Compute 365 - 468 = -103."", ""Compute 284 * 187 = 53108."", ""Compute -103 - 53108 = -53211."", ""Compute 28810 + -53211 = -24401.""]",-24401
OOD,(((484 - 391) * (216 * 424)) + ((434 + 337) * (155 - 221))),"[""Compute 484 - 391 = 93."", ""Compute 216 * 424 = 91584."", ""Compute 93 * 91584 = 8517312."", ""Compute 434 + 337 = 771."", ""Compute 155 - 221 = -66."", ""Compute 771 * -66 = -50886."", ""Compute 8517312 + -50886 = 8466426.""]",8466426
OOD,(((355 * 206) - (317 + 239)) * ((207 + 396) + (429 + 420))),"[""Compute 355 * 206 = 73130."", ""Compute 317 + 239 = 556."", ""Compute 73130 - 556 = 72574."", ""Compute 207 + 396 = 603."", ""Compute 429 + 420 = 849."", ""Compute 603 + 849 = 1452."", ""Compute 72574 * 1452 = 105377448.""]",105377448
OOD,(((102 * 251) - (203 - 319)) - ((430 - 468) + (467 * 191))),"[""Compute 102 * 251 = 25602."", ""Compute 203 - 319 = -116."", ""Compute 25602 - -116 = 25718."", ""Compute 430 - 468 = -38."", ""Compute 467 * 191 = 89197."", ""Compute -38 + 89197 = 89159."", ""Compute 25718 - 89159 = -63441.""]",-63441
OOD,(((426 - 499) * (456 + 294)) - ((165 * 160) + (364 + 146))),"[""Compute 426 - 499 = -73."", ""Compute 456 + 294 = 750."", ""Compute -73 * 750 = -54750."", ""Compute 165 * 160 = 26400."", ""Compute 364 + 146 = 510."", ""Compute 26400 + 510 = 26910."", ""Compute -54750 - 26910 = -81660.""]",-81660
OOD,(((253 * 206) - (388 + 338)) - ((206 - 265) - (367 - 163))),"[""Compute 253 * 206 = 52118."", ""Compute 388 + 338 = 726."", ""Compute 52118 - 726 = 51392."", ""Compute 206 - 265 = -59."", ""Compute 367 - 163 = 204."", ""Compute -59 - 204 = -263."", ""Compute 51392 - -263 = 51655.""]",51655
OOD,(((387 * 121) + (296 + 269)) * ((263 + 142) - (236 - 178))),"[""Compute 387 * 121 = 46827."", ""Compute 296 + 269 = 565."", ""Compute 46827 + 565 = 47392."", ""Compute 263 + 142 = 405."", ""Compute 236 - 178 = 58."", ""Compute 405 - 58 = 347."", ""Compute 47392 * 347 = 16445024.""]",16445024
OOD,(((372 + 110) + (218 * 427)) - ((494 + 375) - (345 - 159))),"[""Compute 372 + 110 = 482."", ""Compute 218 * 427 = 93086."", ""Compute 482 + 93086 = 93568."", ""Compute 494 + 375 = 869."", ""Compute 345 - 159 = 186."", ""Compute 869 - 186 = 683."", ""Compute 93568 - 683 = 92885.""]",92885
OOD,(((183 - 328) * (262 * 421)) - ((388 - 342) - (247 + 114))),"[""Compute 183 - 328 = -145."", ""Compute 262 * 421 = 110302."", ""Compute -145 * 110302 = -15993790."", ""Compute 388 - 342 = 46."", ""Compute 247 + 114 = 361."", ""Compute 46 - 361 = -315."", ""Compute -15993790 - -315 = -15993475.""]",-15993475
OOD,(((466 * 247) - (219 + 297)) + ((245 + 344) - (245 * 481))),"[""Compute 466 * 247 = 115102."", ""Compute 219 + 297 = 516."", ""Compute 115102 - 516 = 114586."", ""Compute 245 + 344 = 589."", ""Compute 245 * 481 = 117845."", ""Compute 589 - 117845 = -117256."", ""Compute 114586 + -117256 = -2670.""]",-2670
OOD,(((397 + 494) + (436 + 424)) + ((488 + 466) * (479 - 247))),"[""Compute 397 + 494 = 891."", ""Compute 436 + 424 = 860."", ""Compute 891 + 860 = 1751."", ""Compute 488 + 466 = 954."", ""Compute 479 - 247 = 232."", ""Compute 954 * 232 = 221328."", ""Compute 1751 + 221328 = 223079.""]",223079
OOD,(((254 - 350) * (413 + 376)) + ((131 - 324) - (337 - 443))),"[""Compute 254 - 350 = -96."", ""Compute 413 + 376 = 789."", ""Compute -96 * 789 = -75744."", ""Compute 131 - 324 = -193."", ""Compute 337 - 443 = -106."", ""Compute -193 - -106 = -87."", ""Compute -75744 + -87 = -75831.""]",-75831
OOD,(((137 - 453) * (442 - 421)) * ((125 - 232) - (222 * 447))),"[""Compute 137 - 453 = -316."", ""Compute 442 - 421 = 21."", ""Compute -316 * 21 = -6636."", ""Compute 125 - 232 = -107."", ""Compute 222 * 447 = 99234."", ""Compute -107 - 99234 = -99341."", ""Compute -6636 * -99341 = 659226876.""]",659226876
OOD,(((323 + 199) * (147 + 153)) * ((387 - 207) * (482 - 102))),"[""Compute 323 + 199 = 522."", ""Compute 147 + 153 = 300."", ""Compute 522 * 300 = 156600."", ""Compute 387 - 207 = 180."", ""Compute 482 - 102 = 380."", ""Compute 180 * 380 = 68400."", ""Compute 156600 * 68400 = 10711440000.""]",10711440000
OOD,(((479 + 163) + (297 - 453)) + ((377 + 355) - (350 - 273))),"[""Compute 479 + 163 = 642."", ""Compute 297 - 453 = -156."", ""Compute 642 + -156 = 486."", ""Compute 377 + 355 = 732."", ""Compute 350 - 273 = 77."", ""Compute 732 - 77 = 655."", ""Compute 486 + 655 = 1141.""]",1141
OOD,(((109 + 293) - (361 + 311)) + ((332 - 186) - (225 * 324))),"[""Compute 109 + 293 = 402."", ""Compute 361 + 311 = 672."", ""Compute 402 - 672 = -270."", ""Compute 332 - 186 = 146."", ""Compute 225 * 324 = 72900."", ""Compute 146 - 72900 = -72754."", ""Compute -270 + -72754 = -73024.""]",-73024
OOD,(((292 * 488) + (239 - 372)) - ((202 - 346) + (229 + 135))),"[""Compute 292 * 488 = 142496."", ""Compute 239 - 372 = -133."", ""Compute 142496 + -133 = 142363."", ""Compute 202 - 346 = -144."", ""Compute 229 + 135 = 364."", ""Compute -144 + 364 = 220."", ""Compute 142363 - 220 = 142143.""]",142143
OOD,(((458 - 287) * (198 + 485)) * ((385 + 318) - (261 * 329))),"[""Compute 458 - 287 = 171."", ""Compute 198 + 485 = 683."", ""Compute 171 * 683 = 116793."", ""Compute 385 + 318 = 703."", ""Compute 261 * 329 = 85869."", ""Compute 703 - 85869 = -85166."", ""Compute 116793 * -85166 = -9946792638.""]",-9946792638
OOD,(((160 - 491) + (466 - 192)) * ((393 - 303) + (429 - 248))),"[""Compute 160 - 491 = -331."", ""Compute 466 - 192 = 274."", ""Compute -331 + 274 = -57."", ""Compute 393 - 303 = 90."", ""Compute 429 - 248 = 181."", ""Compute 90 + 181 = 271."", ""Compute -57 * 271 = -15447.""]",-15447
OOD,(((383 - 200) + (302 * 358)) + ((115 * 330) * (355 * 170))),"[""Compute 383 - 200 = 183."", ""Compute 302 * 358 = 108116."", ""Compute 183 + 108116 = 108299."", ""Compute 115 * 330 = 37950."", ""Compute 355 * 170 = 60350."", ""Compute 37950 * 60350 = 2290282500."", ""Compute 108299 + 2290282500 = 2290390799.""]",2290390799
OOD,(((118 * 225) - (169 * 306)) * ((338 - 412) * (180 + 261))),"[""Compute 118 * 225 = 26550."", ""Compute 169 * 306 = 51714."", ""Compute 26550 - 51714 = -25164."", ""Compute 338 - 412 = -74."", ""Compute 180 + 261 = 441."", ""Compute -74 * 441 = -32634."", ""Compute -25164 * -32634 = 821201976.""]",821201976
OOD,(((302 - 220) - (339 + 217)) * ((226 + 155) + (288 + 367))),"[""Compute 302 - 220 = 82."", ""Compute 339 + 217 = 556."", ""Compute 82 - 556 = -474."", ""Compute 226 + 155 = 381."", ""Compute 288 + 367 = 655."", ""Compute 381 + 655 = 1036."", ""Compute -474 * 1036 = -491064.""]",-491064
OOD,(((410 - 195) - (222 + 373)) * ((348 + 166) * (318 - 213))),"[""Compute 410 - 195 = 215."", ""Compute 222 + 373 = 595."", ""Compute 215 - 595 = -380."", ""Compute 348 + 166 = 514."", ""Compute 318 - 213 = 105."", ""Compute 514 * 105 = 53970."", ""Compute -380 * 53970 = -20508600.""]",-20508600
OOD,(((278 + 476) * (292 * 188)) - ((130 - 240) * (358 + 353))),"[""Compute 278 + 476 = 754."", ""Compute 292 * 188 = 54896."", ""Compute 754 * 54896 = 41391584."", ""Compute 130 - 240 = -110."", ""Compute 358 + 353 = 711."", ""Compute -110 * 711 = -78210."", ""Compute 41391584 - -78210 = 41469794.""]",41469794
OOD,(((189 - 234) * (452 + 373)) + ((329 * 213) * (116 + 414))),"[""Compute 189 - 234 = -45."", ""Compute 452 + 373 = 825."", ""Compute -45 * 825 = -37125."", ""Compute 329 * 213 = 70077."", ""Compute 116 + 414 = 530."", ""Compute 70077 * 530 = 37140810."", ""Compute -37125 + 37140810 = 37103685.""]",37103685
OOD,(((113 * 246) - (444 + 163)) + ((436 - 291) - (428 - 466))),"[""Compute 113 * 246 = 27798."", ""Compute 444 + 163 = 607."", ""Compute 27798 - 607 = 27191."", ""Compute 436 - 291 = 145."", ""Compute 428 - 466 = -38."", ""Compute 145 - -38 = 183."", ""Compute 27191 + 183 = 27374.""]",27374
OOD,(((446 * 142) - (448 - 270)) * ((498 + 271) + (469 - 428))),"[""Compute 446 * 142 = 63332."", ""Compute 448 - 270 = 178."", ""Compute 63332 - 178 = 63154."", ""Compute 498 + 271 = 769."", ""Compute 469 - 428 = 41."", ""Compute 769 + 41 = 810."", ""Compute 63154 * 810 = 51154740.""]",51154740
OOD,(((481 + 444) - (475 - 342)) + ((209 + 379) - (259 + 396))),"[""Compute 481 + 444 = 925."", ""Compute 475 - 342 = 133."", ""Compute 925 - 133 = 792."", ""Compute 209 + 379 = 588."", ""Compute 259 + 396 = 655."", ""Compute 588 - 655 = -67."", ""Compute 792 + -67 = 725.""]",725
OOD,(((406 * 257) * (217 + 441)) - ((192 * 129) - (381 + 189))),"[""Compute 406 * 257 = 104342."", ""Compute 217 + 441 = 658."", ""Compute 104342 * 658 = 68657036."", ""Compute 192 * 129 = 24768."", ""Compute 381 + 189 = 570."", ""Compute 24768 - 570 = 24198."", ""Compute 68657036 - 24198 = 68632838.""]",68632838
OOD,(((181 * 456) + (408 - 262)) - ((461 + 449) + (412 * 408))),"[""Compute 181 * 456 = 82536."", ""Compute 408 - 262 = 146."", ""Compute 82536 + 146 = 82682."", ""Compute 461 + 449 = 910."", ""Compute 412 * 408 = 168096."", ""Compute 910 + 168096 = 169006."", ""Compute 82682 - 169006 = -86324.""]",-86324
OOD,(((397 * 332) * (301 - 362)) * ((396 + 368) * (306 + 161))),"[""Compute 397 * 332 = 131804."", ""Compute 301 - 362 = -61."", ""Compute 131804 * -61 = -8040044."", ""Compute 396 + 368 = 764."", ""Compute 306 + 161 = 467."", ""Compute 764 * 467 = 356788."", ""Compute -8040044 * 356788 = -2868591218672.""]",-2868591218672
OOD,(((225 - 171) + (434 - 189)) * ((390 + 449) + (483 * 358))),"[""Compute 225 - 171 = 54."", ""Compute 434 - 189 = 245."", ""Compute 54 + 245 = 299."", ""Compute 390 + 449 = 839."", ""Compute 483 * 358 = 172914."", ""Compute 839 + 172914 = 173753."", ""Compute 299 * 173753 = 51952147.""]",51952147
OOD,(((153 * 244) + (400 + 385)) * ((264 - 208) - (340 + 189))),"[""Compute 153 * 244 = 37332."", ""Compute 400 + 385 = 785."", ""Compute 37332 + 785 = 38117."", ""Compute 264 - 208 = 56."", ""Compute 340 + 189 = 529."", ""Compute 56 - 529 = -473."", ""Compute 38117 * -473 = -18029341.""]",-18029341
OOD,(((323 * 408) * (206 * 368)) * ((402 - 271) - (352 * 327))),"[""Compute 323 * 408 = 131784."", ""Compute 206 * 368 = 75808."", ""Compute 131784 * 75808 = 9990281472."", ""Compute 402 - 271 = 131."", ""Compute 352 * 327 = 115104."", ""Compute 131 - 115104 = -114973."", ""Compute 9990281472 * -114973 = -1148612631680256.""]",-1148612631680256
OOD,(((299 * 480) - (238 - 252)) * ((434 + 261) - (214 - 438))),"[""Compute 299 * 480 = 143520."", ""Compute 238 - 252 = -14."", ""Compute 143520 - -14 = 143534."", ""Compute 434 + 261 = 695."", ""Compute 214 - 438 = -224."", ""Compute 695 - -224 = 919."", ""Compute 143534 * 919 = 131907746.""]",131907746
OOD,(((261 * 403) + (451 * 298)) + ((225 * 243) + (296 * 230))),"[""Compute 261 * 403 = 105183."", ""Compute 451 * 298 = 134398."", ""Compute 105183 + 134398 = 239581."", ""Compute 225 * 243 = 54675."", ""Compute 296 * 230 = 68080."", ""Compute 54675 + 68080 = 122755."", ""Compute 239581 + 122755 = 362336.""]",362336
OOD,(((345 - 349) - (471 * 225)) * ((100 * 259) + (125 + 113))),"[""Compute 345 - 349 = -4."", ""Compute 471 * 225 = 105975."", ""Compute -4 - 105975 = -105979."", ""Compute 100 * 259 = 25900."", ""Compute 125 + 113 = 238."", ""Compute 25900 + 238 = 26138."", ""Compute -105979 * 26138 = -2770079102.""]",-2770079102
OOD,(((276 + 204) * (224 * 117)) * ((255 * 317) + (423 + 156))),"[""Compute 276 + 204 = 480."", ""Compute 224 * 117 = 26208."", ""Compute 480 * 26208 = 12579840."", ""Compute 255 * 317 = 80835."", ""Compute 423 + 156 = 579."", ""Compute 80835 + 579 = 81414."", ""Compute 12579840 * 81414 = 1024175093760.""]",1024175093760
OOD,(((423 + 234) + (481 * 182)) - ((252 + 490) + (130 + 122))),"[""Compute 423 + 234 = 657."", ""Compute 481 * 182 = 87542."", ""Compute 657 + 87542 = 88199."", ""Compute 252 + 490 = 742."", ""Compute 130 + 122 = 252."", ""Compute 742 + 252 = 994."", ""Compute 88199 - 994 = 87205.""]",87205
OOD,(((329 + 288) * (184 * 347)) - ((290 * 457) - (287 * 491))),"[""Compute 329 + 288 = 617."", ""Compute 184 * 347 = 63848."", ""Compute 617 * 63848 = 39394216."", ""Compute 290 * 457 = 132530."", ""Compute 287 * 491 = 140917."", ""Compute 132530 - 140917 = -8387."", ""Compute 39394216 - -8387 = 39402603.""]",39402603
OOD,(((201 - 143) * (174 + 483)) * ((196 + 422) + (465 * 331))),"[""Compute 201 - 143 = 58."", ""Compute 174 + 483 = 657."", ""Compute 58 * 657 = 38106."", ""Compute 196 + 422 = 618."", ""Compute 465 * 331 = 153915."", ""Compute 618 + 153915 = 154533."", ""Compute 38106 * 154533 = 5888634498.""]",5888634498
OOD,(((164 * 330) + (324 * 245)) - ((262 + 173) + (198 - 132))),"[""Compute 164 * 330 = 54120."", ""Compute 324 * 245 = 79380."", ""Compute 54120 + 79380 = 133500."", ""Compute 262 + 173 = 435."", ""Compute 198 - 132 = 66."", ""Compute 435 + 66 = 501."", ""Compute 133500 - 501 = 132999.""]",132999
OOD,(((197 * 498) + (251 + 307)) + ((478 + 260) - (470 + 450))),"[""Compute 197 * 498 = 98106."", ""Compute 251 + 307 = 558."", ""Compute 98106 + 558 = 98664."", ""Compute 478 + 260 = 738."", ""Compute 470 + 450 = 920."", ""Compute 738 - 920 = -182."", ""Compute 98664 + -182 = 98482.""]",98482
OOD,(((320 + 215) * (275 + 301)) + ((208 - 171) * (476 + 227))),"[""Compute 320 + 215 = 535."", ""Compute 275 + 301 = 576."", ""Compute 535 * 576 = 308160."", ""Compute 208 - 171 = 37."", ""Compute 476 + 227 = 703."", ""Compute 37 * 703 = 26011."", ""Compute 308160 + 26011 = 334171.""]",334171
OOD,(((141 * 256) + (152 + 150)) - ((445 - 311) * (203 - 500))),"[""Compute 141 * 256 = 36096."", ""Compute 152 + 150 = 302."", ""Compute 36096 + 302 = 36398."", ""Compute 445 - 311 = 134."", ""Compute 203 - 500 = -297."", ""Compute 134 * -297 = -39798."", ""Compute 36398 - -39798 = 76196.""]",76196
OOD,(((447 - 291) - (294 - 125)) - ((499 + 219) + (228 * 393))),"[""Compute 447 - 291 = 156."", ""Compute 294 - 125 = 169."", ""Compute 156 - 169 = -13."", ""Compute 499 + 219 = 718."", ""Compute 228 * 393 = 89604."", ""Compute 718 + 89604 = 90322."", ""Compute -13 - 90322 = -90335.""]",-90335
OOD,(((191 + 204) - (118 * 470)) + ((135 - 271) + (341 * 305))),"[""Compute 191 + 204 = 395."", ""Compute 118 * 470 = 55460."", ""Compute 395 - 55460 = -55065."", ""Compute 135 - 271 = -136."", ""Compute 341 * 305 = 104005."", ""Compute -136 + 104005 = 103869."", ""Compute -55065 + 103869 = 48804.""]",48804
OOD,(((417 * 365) * (426 - 394)) - ((385 + 377) - (493 + 274))),"[""Compute 417 * 365 = 152205."", ""Compute 426 - 394 = 32."", ""Compute 152205 * 32 = 4870560."", ""Compute 385 + 377 = 762."", ""Compute 493 + 274 = 767."", ""Compute 762 - 767 = -5."", ""Compute 4870560 - -5 = 4870565.""]",4870565
OOD,(((251 + 429) + (497 - 331)) + ((303 * 390) * (205 * 330))),"[""Compute 251 + 429 = 680."", ""Compute 497 - 331 = 166."", ""Compute 680 + 166 = 846."", ""Compute 303 * 390 = 118170."", ""Compute 205 * 330 = 67650."", ""Compute 118170 * 67650 = 7994200500."", ""Compute 846 + 7994200500 = 7994201346.""]",7994201346
OOD,(((219 * 387) + (265 + 306)) + ((346 - 242) - (453 * 379))),"[""Compute 219 * 387 = 84753."", ""Compute 265 + 306 = 571."", ""Compute 84753 + 571 = 85324."", ""Compute 346 - 242 = 104."", ""Compute 453 * 379 = 171687."", ""Compute 104 - 171687 = -171583."", ""Compute 85324 + -171583 = -86259.""]",-86259
OOD,(((322 - 246) + (435 + 431)) * ((484 - 307) + (456 * 316))),"[""Compute 322 - 246 = 76."", ""Compute 435 + 431 = 866."", ""Compute 76 + 866 = 942."", ""Compute 484 - 307 = 177."", ""Compute 456 * 316 = 144096."", ""Compute 177 + 144096 = 144273."", ""Compute 942 * 144273 = 135905166.""]",135905166
OOD,(((422 * 344) + (212 + 134)) - ((201 * 324) - (444 * 134))),"[""Compute 422 * 344 = 145168."", ""Compute 212 + 134 = 346."", ""Compute 145168 + 346 = 145514."", ""Compute 201 * 324 = 65124."", ""Compute 444 * 134 = 59496."", ""Compute 65124 - 59496 = 5628."", ""Compute 145514 - 5628 = 139886.""]",139886
OOD,(((346 - 175) + (245 * 183)) - ((255 - 146) * (422 + 322))),"[""Compute 346 - 175 = 171."", ""Compute 245 * 183 = 44835."", ""Compute 171 + 44835 = 45006."", ""Compute 255 - 146 = 109."", ""Compute 422 + 322 = 744."", ""Compute 109 * 744 = 81096."", ""Compute 45006 - 81096 = -36090.""]",-36090
OOD,(((244 * 444) * (296 + 299)) - ((418 * 287) - (383 + 103))),"[""Compute 244 * 444 = 108336."", ""Compute 296 + 299 = 595."", ""Compute 108336 * 595 = 64459920."", ""Compute 418 * 287 = 119966."", ""Compute 383 + 103 = 486."", ""Compute 119966 - 486 = 119480."", ""Compute 64459920 - 119480 = 64340440.""]",64340440
OOD,(((158 - 203) + (436 - 373)) - ((136 * 240) * (317 * 417))),"[""Compute 158 - 203 = -45."", ""Compute 436 - 373 = 63."", ""Compute -45 + 63 = 18."", ""Compute 136 * 240 = 32640."", ""Compute 317 * 417 = 132189."", ""Compute 32640 * 132189 = 4314648960."", ""Compute 18 - 4314648960 = -4314648942.""]",-4314648942
OOD,(((307 + 118) + (159 * 410)) - ((439 * 252) + (281 * 180))),"[""Compute 307 + 118 = 425."", ""Compute 159 * 410 = 65190."", ""Compute 425 + 65190 = 65615."", ""Compute 439 * 252 = 110628."", ""Compute 281 * 180 = 50580."", ""Compute 110628 + 50580 = 161208."", ""Compute 65615 - 161208 = -95593.""]",-95593
OOD,(((219 * 155) * (200 - 186)) + ((114 + 169) * (478 - 491))),"[""Compute 219 * 155 = 33945."", ""Compute 200 - 186 = 14."", ""Compute 33945 * 14 = 475230."", ""Compute 114 + 169 = 283."", ""Compute 478 - 491 = -13."", ""Compute 283 * -13 = -3679."", ""Compute 475230 + -3679 = 471551.""]",471551
OOD,(((164 + 174) + (227 * 149)) * ((430 - 460) * (406 + 100))),"[""Compute 164 + 174 = 338."", ""Compute 227 * 149 = 33823."", ""Compute 338 + 33823 = 34161."", ""Compute 430 - 460 = -30."", ""Compute 406 + 100 = 506."", ""Compute -30 * 506 = -15180."", ""Compute 34161 * -15180 = -518563980.""]",-518563980
OOD,(((140 + 311) * (493 + 353)) - ((334 + 432) + (142 - 103))),"[""Compute 140 + 311 = 451."", ""Compute 493 + 353 = 846."", ""Compute 451 * 846 = 381546."", ""Compute 334 + 432 = 766."", ""Compute 142 - 103 = 39."", ""Compute 766 + 39 = 805."", ""Compute 381546 - 805 = 380741.""]",380741
OOD,(((371 + 470) * (200 * 277)) * ((163 - 260) - (126 + 130))),"[""Compute 371 + 470 = 841."", ""Compute 200 * 277 = 55400."", ""Compute 841 * 55400 = 46591400."", ""Compute 163 - 260 = -97."", ""Compute 126 + 130 = 256."", ""Compute -97 - 256 = -353."", ""Compute 46591400 * -353 = -16446764200.""]",-16446764200
OOD,(((333 - 318) + (164 * 338)) + ((134 * 476) * (135 + 335))),"[""Compute 333 - 318 = 15."", ""Compute 164 * 338 = 55432."", ""Compute 15 + 55432 = 55447."", ""Compute 134 * 476 = 63784."", ""Compute 135 + 335 = 470."", ""Compute 63784 * 470 = 29978480."", ""Compute 55447 + 29978480 = 30033927.""]",30033927
OOD,(((434 + 209) * (267 * 244)) + ((257 + 174) + (488 - 237))),"[""Compute 434 + 209 = 643."", ""Compute 267 * 244 = 65148."", ""Compute 643 * 65148 = 41890164."", ""Compute 257 + 174 = 431."", ""Compute 488 - 237 = 251."", ""Compute 431 + 251 = 682."", ""Compute 41890164 + 682 = 41890846.""]",41890846
OOD,(((412 - 225) + (354 + 257)) * ((344 * 370) - (383 - 500))),"[""Compute 412 - 225 = 187."", ""Compute 354 + 257 = 611."", ""Compute 187 + 611 = 798."", ""Compute 344 * 370 = 127280."", ""Compute 383 - 500 = -117."", ""Compute 127280 - -117 = 127397."", ""Compute 798 * 127397 = 101662806.""]",101662806
OOD,(((335 + 214) - (121 * 439)) - ((321 - 156) - (372 + 165))),"[""Compute 335 + 214 = 549."", ""Compute 121 * 439 = 53119."", ""Compute 549 - 53119 = -52570."", ""Compute 321 - 156 = 165."", ""Compute 372 + 165 = 537."", ""Compute 165 - 537 = -372."", ""Compute -52570 - -372 = -52198.""]",-52198
OOD,(((324 - 233) - (249 + 177)) + ((371 * 380) * (154 * 131))),"[""Compute 324 - 233 = 91."", ""Compute 249 + 177 = 426."", ""Compute 91 - 426 = -335."", ""Compute 371 * 380 = 140980."", ""Compute 154 * 131 = 20174."", ""Compute 140980 * 20174 = 2844130520."", ""Compute -335 + 2844130520 = 2844130185.""]",2844130185
OOD,(((422 - 155) - (212 + 295)) * ((101 * 378) + (423 - 161))),"[""Compute 422 - 155 = 267."", ""Compute 212 + 295 = 507."", ""Compute 267 - 507 = -240."", ""Compute 101 * 378 = 38178."", ""Compute 423 - 161 = 262."", ""Compute 38178 + 262 = 38440."", ""Compute -240 * 38440 = -9225600.""]",-9225600
OOD,(((425 * 363) * (312 * 264)) * ((356 * 137) * (355 + 411))),"[""Compute 425 * 363 = 154275."", ""Compute 312 * 264 = 82368."", ""Compute 154275 * 82368 = 12707323200."", ""Compute 356 * 137 = 48772."", ""Compute 355 + 411 = 766."", ""Compute 48772 * 766 = 37359352."", ""Compute 12707323200 * 37359352 = 474737360406566400.""]",474737360406566400
OOD,(((200 * 474) * (131 - 328)) - ((128 + 197) + (340 * 221))),"[""Compute 200 * 474 = 94800."", ""Compute 131 - 328 = -197."", ""Compute 94800 * -197 = -18675600."", ""Compute 128 + 197 = 325."", ""Compute 340 * 221 = 75140."", ""Compute 325 + 75140 = 75465."", ""Compute -18675600 - 75465 = -18751065.""]",-18751065
OOD,(((360 * 255) + (159 + 412)) * ((231 + 326) * (128 * 344))),"[""Compute 360 * 255 = 91800."", ""Compute 159 + 412 = 571."", ""Compute 91800 + 571 = 92371."", ""Compute 231 + 326 = 557."", ""Compute 128 * 344 = 44032."", ""Compute 557 * 44032 = 24525824."", ""Compute 92371 * 24525824 = 2265474888704.""]",2265474888704
OOD,(((113 + 233) * (164 * 199)) + ((494 + 194) + (286 + 483))),"[""Compute 113 + 233 = 346."", ""Compute 164 * 199 = 32636."", ""Compute 346 * 32636 = 11292056."", ""Compute 494 + 194 = 688."", ""Compute 286 + 483 = 769."", ""Compute 688 + 769 = 1457."", ""Compute 11292056 + 1457 = 11293513.""]",11293513
OOD,(((408 + 267) + (448 - 321)) - ((489 * 436) - (411 + 316))),"[""Compute 408 + 267 = 675."", ""Compute 448 - 321 = 127."", ""Compute 675 + 127 = 802."", ""Compute 489 * 436 = 213204."", ""Compute 411 + 316 = 727."", ""Compute 213204 - 727 = 212477."", ""Compute 802 - 212477 = -211675.""]",-211675
OOD,(((241 + 327) + (196 - 137)) + ((232 + 434) + (121 - 415))),"[""Compute 241 + 327 = 568."", ""Compute 196 - 137 = 59."", ""Compute 568 + 59 = 627."", ""Compute 232 + 434 = 666."", ""Compute 121 - 415 = -294."", ""Compute 666 + -294 = 372."", ""Compute 627 + 372 = 999.""]",999
OOD,(((285 + 488) - (495 * 408)) - ((200 - 216) - (244 * 432))),"[""Compute 285 + 488 = 773."", ""Compute 495 * 408 = 201960."", ""Compute 773 - 201960 = -201187."", ""Compute 200 - 216 = -16."", ""Compute 244 * 432 = 105408."", ""Compute -16 - 105408 = -105424."", ""Compute -201187 - -105424 = -95763.""]",-95763
OOD,(((360 + 147) * (389 - 423)) - ((343 + 129) * (417 - 271))),"[""Compute 360 + 147 = 507."", ""Compute 389 - 423 = -34."", ""Compute 507 * -34 = -17238."", ""Compute 343 + 129 = 472."", ""Compute 417 - 271 = 146."", ""Compute 472 * 146 = 68912."", ""Compute -17238 - 68912 = -86150.""]",-86150
OOD,(((212 + 262) - (159 - 435)) - ((222 + 461) * (368 + 211))),"[""Compute 212 + 262 = 474."", ""Compute 159 - 435 = -276."", ""Compute 474 - -276 = 750."", ""Compute 222 + 461 = 683."", ""Compute 368 + 211 = 579."", ""Compute 683 * 579 = 395457."", ""Compute 750 - 395457 = -394707.""]",-394707
OOD,(((285 - 261) + (244 * 490)) - ((307 - 124) * (216 - 491))),"[""Compute 285 - 261 = 24."", ""Compute 244 * 490 = 119560."", ""Compute 24 + 119560 = 119584."", ""Compute 307 - 124 = 183."", ""Compute 216 - 491 = -275."", ""Compute 183 * -275 = -50325."", ""Compute 119584 - -50325 = 169909.""]",169909
OOD,(((214 - 243) + (368 * 232)) + ((139 * 300) * (381 + 419))),"[""Compute 214 - 243 = -29."", ""Compute 368 * 232 = 85376."", ""Compute -29 + 85376 = 85347."", ""Compute 139 * 300 = 41700."", ""Compute 381 + 419 = 800."", ""Compute 41700 * 800 = 33360000."", ""Compute 85347 + 33360000 = 33445347.""]",33445347
OOD,(((260 * 450) + (370 * 136)) - ((156 * 286) + (127 + 108))),"[""Compute 260 * 450 = 117000."", ""Compute 370 * 136 = 50320."", ""Compute 117000 + 50320 = 167320."", ""Compute 156 * 286 = 44616."", ""Compute 127 + 108 = 235."", ""Compute 44616 + 235 = 44851."", ""Compute 167320 - 44851 = 122469.""]",122469
OOD,(((263 - 330) - (379 * 170)) * ((178 - 383) + (355 + 340))),"[""Compute 263 - 330 = -67."", ""Compute 379 * 170 = 64430."", ""Compute -67 - 64430 = -64497."", ""Compute 178 - 383 = -205."", ""Compute 355 + 340 = 695."", ""Compute -205 + 695 = 490."", ""Compute -64497 * 490 = -31603530.""]",-31603530
OOD,(((155 * 413) + (296 - 221)) * ((311 - 461) - (308 + 384))),"[""Compute 155 * 413 = 64015."", ""Compute 296 - 221 = 75."", ""Compute 64015 + 75 = 64090."", ""Compute 311 - 461 = -150."", ""Compute 308 + 384 = 692."", ""Compute -150 - 692 = -842."", ""Compute 64090 * -842 = -53963780.""]",-53963780
OOD,(((297 - 465) * (178 - 249)) * ((452 * 447) * (489 - 103))),"[""Compute 297 - 465 = -168."", ""Compute 178 - 249 = -71."", ""Compute -168 * -71 = 11928."", ""Compute 452 * 447 = 202044."", ""Compute 489 - 103 = 386."", ""Compute 202044 * 386 = 77988984."", ""Compute 11928 * 77988984 = 930252601152.""]",930252601152
OOD,(((227 + 482) * (265 + 313)) * ((382 - 499) + (463 * 415))),"[""Compute 227 + 482 = 709."", ""Compute 265 + 313 = 578."", ""Compute 709 * 578 = 409802."", ""Compute 382 - 499 = -117."", ""Compute 463 * 415 = 192145."", ""Compute -117 + 192145 = 192028."", ""Compute 409802 * 192028 = 78693458456.""]",78693458456
OOD,(((337 + 405) * (167 - 212)) * ((449 * 162) + (116 * 173))),"[""Compute 337 + 405 = 742."", ""Compute 167 - 212 = -45."", ""Compute 742 * -45 = -33390."", ""Compute 449 * 162 = 72738."", ""Compute 116 * 173 = 20068."", ""Compute 72738 + 20068 = 92806."", ""Compute -33390 * 92806 = -3098792340.""]",-3098792340
OOD,(((183 + 342) - (136 - 300)) - ((112 * 455) - (105 + 256))),"[""Compute 183 + 342 = 525."", ""Compute 136 - 300 = -164."", ""Compute 525 - -164 = 689."", ""Compute 112 * 455 = 50960."", ""Compute 105 + 256 = 361."", ""Compute 50960 - 361 = 50599."", ""Compute 689 - 50599 = -49910.""]",-49910
OOD,(((496 + 145) - (133 - 260)) * ((105 * 458) * (453 * 147))),"[""Compute 496 + 145 = 641."", ""Compute 133 - 260 = -127."", ""Compute 641 - -127 = 768."", ""Compute 105 * 458 = 48090."", ""Compute 453 * 147 = 66591."", ""Compute 48090 * 66591 = 3202361190."", ""Compute 768 * 3202361190 = 2459413393920.""]",2459413393920
OOD,(((161 + 192) * (220 + 364)) + ((362 * 135) * (273 + 261))),"[""Compute 161 + 192 = 353."", ""Compute 220 + 364 = 584."", ""Compute 353 * 584 = 206152."", ""Compute 362 * 135 = 48870."", ""Compute 273 + 261 = 534."", ""Compute 48870 * 534 = 26096580."", ""Compute 206152 + 26096580 = 26302732.""]",26302732
OOD,(((348 - 492) * (175 * 242)) * ((210 * 270) * (207 - 445))),"[""Compute 348 - 492 = -144."", ""Compute 175 * 242 = 42350."", ""Compute -144 * 42350 = -6098400."", ""Compute 210 * 270 = 56700."", ""Compute 207 - 445 = -238."", ""Compute 56700 * -238 = -13494600."", ""Compute -6098400 * -13494600 = 82295468640000.""]",82295468640000
OOD,(((476 - 367) + (267 + 303)) - ((314 + 446) * (140 * 167))),"[""Compute 476 - 367 = 109."", ""Compute 267 + 303 = 570."", ""Compute 109 + 570 = 679."", ""Compute 314 + 446 = 760."", ""Compute 140 * 167 = 23380."", ""Compute 760 * 23380 = 17768800."", ""Compute 679 - 17768800 = -17768121.""]",-17768121
OOD,(((146 + 217) + (177 + 342)) * ((129 * 100) + (264 - 346))),"[""Compute 146 + 217 = 363."", ""Compute 177 + 342 = 519."", ""Compute 363 + 519 = 882."", ""Compute 129 * 100 = 12900."", ""Compute 264 - 346 = -82."", ""Compute 12900 + -82 = 12818."", ""Compute 882 * 12818 = 11305476.""]",11305476
OOD,(((283 - 224) * (305 * 388)) - ((168 * 404) * (118 + 205))),"[""Compute 283 - 224 = 59."", ""Compute 305 * 388 = 118340."", ""Compute 59 * 118340 = 6982060."", ""Compute 168 * 404 = 67872."", ""Compute 118 + 205 = 323."", ""Compute 67872 * 323 = 21922656."", ""Compute 6982060 - 21922656 = -14940596.""]",-14940596
OOD,(((147 * 390) + (339 * 140)) * ((449 * 481) - (282 + 217))),"[""Compute 147 * 390 = 57330."", ""Compute 339 * 140 = 47460."", ""Compute 57330 + 47460 = 104790."", ""Compute 449 * 481 = 215969."", ""Compute 282 + 217 = 499."", ""Compute 215969 - 499 = 215470."", ""Compute 104790 * 215470 = 22579101300.""]",22579101300
OOD,(((392 * 265) * (336 * 191)) * ((401 * 203) - (414 * 297))),"[""Compute 392 * 265 = 103880."", ""Compute 336 * 191 = 64176."", ""Compute 103880 * 64176 = 6666602880."", ""Compute 401 * 203 = 81403."", ""Compute 414 * 297 = 122958."", ""Compute 81403 - 122958 = -41555."", ""Compute 6666602880 * -41555 = -277030682678400.""]",-277030682678400
OOD,(((493 * 101) + (433 - 220)) + ((479 * 256) * (481 + 318))),"[""Compute 493 * 101 = 49793."", ""Compute 433 - 220 = 213."", ""Compute 49793 + 213 = 50006."", ""Compute 479 * 256 = 122624."", ""Compute 481 + 318 = 799."", ""Compute 122624 * 799 = 97976576."", ""Compute 50006 + 97976576 = 98026582.""]",98026582
OOD,(((403 - 164) - (397 - 356)) * ((254 - 278) * (187 * 296))),"[""Compute 403 - 164 = 239."", ""Compute 397 - 356 = 41."", ""Compute 239 - 41 = 198."", ""Compute 254 - 278 = -24."", ""Compute 187 * 296 = 55352."", ""Compute -24 * 55352 = -1328448."", ""Compute 198 * -1328448 = -263032704.""]",-263032704
OOD,(((338 - 248) * (213 * 141)) + ((352 + 335) - (434 - 165))),"[""Compute 338 - 248 = 90."", ""Compute 213 * 141 = 30033."", ""Compute 90 * 30033 = 2702970."", ""Compute 352 + 335 = 687."", ""Compute 434 - 165 = 269."", ""Compute 687 - 269 = 418."", ""Compute 2702970 + 418 = 2703388.""]",2703388
OOD,(((385 + 137) - (105 + 128)) + ((160 - 500) - (228 * 121))),"[""Compute 385 + 137 = 522."", ""Compute 105 + 128 = 233."", ""Compute 522 - 233 = 289."", ""Compute 160 - 500 = -340."", ""Compute 228 * 121 = 27588."", ""Compute -340 - 27588 = -27928."", ""Compute 289 + -27928 = -27639.""]",-27639
OOD,(((206 * 464) + (162 - 440)) + ((124 - 344) + (297 + 184))),"[""Compute 206 * 464 = 95584."", ""Compute 162 - 440 = -278."", ""Compute 95584 + -278 = 95306."", ""Compute 124 - 344 = -220."", ""Compute 297 + 184 = 481."", ""Compute -220 + 481 = 261."", ""Compute 95306 + 261 = 95567.""]",95567
OOD,(((472 * 248) * (379 * 353)) + ((216 - 459) - (126 - 149))),"[""Compute 472 * 248 = 117056."", ""Compute 379 * 353 = 133787."", ""Compute 117056 * 133787 = 15660571072."", ""Compute 216 - 459 = -243."", ""Compute 126 - 149 = -23."", ""Compute -243 - -23 = -220."", ""Compute 15660571072 + -220 = 15660570852.""]",15660570852
OOD,(((436 - 457) - (145 * 268)) * ((207 - 196) * (353 * 363))),"[""Compute 436 - 457 = -21."", ""Compute 145 * 268 = 38860."", ""Compute -21 - 38860 = -38881."", ""Compute 207 - 196 = 11."", ""Compute 353 * 363 = 128139."", ""Compute 11 * 128139 = 1409529."", ""Compute -38881 * 1409529 = -54803897049.""]",-54803897049
OOD,(((258 - 312) + (126 * 232)) * ((484 * 103) - (168 + 334))),"[""Compute 258 - 312 = -54."", ""Compute 126 * 232 = 29232."", ""Compute -54 + 29232 = 29178."", ""Compute 484 * 103 = 49852."", ""Compute 168 + 334 = 502."", ""Compute 49852 - 502 = 49350."", ""Compute 29178 * 49350 = 1439934300.""]",1439934300
OOD,(((234 - 389) * (183 + 201)) + ((107 - 236) * (430 * 175))),"[""Compute 234 - 389 = -155."", ""Compute 183 + 201 = 384."", ""Compute -155 * 384 = -59520."", ""Compute 107 - 236 = -129."", ""Compute 430 * 175 = 75250."", ""Compute -129 * 75250 = -9707250."", ""Compute -59520 + -9707250 = -9766770.""]",-9766770
OOD,(((299 * 280) * (306 - 301)) + ((167 - 401) - (375 + 327))),"[""Compute 299 * 280 = 83720."", ""Compute 306 - 301 = 5."", ""Compute 83720 * 5 = 418600."", ""Compute 167 - 401 = -234."", ""Compute 375 + 327 = 702."", ""Compute -234 - 702 = -936."", ""Compute 418600 + -936 = 417664.""]",417664
OOD,(((263 * 251) + (380 * 464)) + ((285 * 245) * (396 - 426))),"[""Compute 263 * 251 = 66013."", ""Compute 380 * 464 = 176320."", ""Compute 66013 + 176320 = 242333."", ""Compute 285 * 245 = 69825."", ""Compute 396 - 426 = -30."", ""Compute 69825 * -30 = -2094750."", ""Compute 242333 + -2094750 = -1852417.""]",-1852417
OOD,(((447 * 126) - (475 - 112)) * ((325 * 141) * (151 + 485))),"[""Compute 447 * 126 = 56322."", ""Compute 475 - 112 = 363."", ""Compute 56322 - 363 = 55959."", ""Compute 325 * 141 = 45825."", ""Compute 151 + 485 = 636."", ""Compute 45825 * 636 = 29144700."", ""Compute 55959 * 29144700 = 1630908267300.""]",1630908267300
OOD,(((414 * 489) + (207 * 141)) - ((183 + 452) * (199 * 386))),"[""Compute 414 * 489 = 202446."", ""Compute 207 * 141 = 29187."", ""Compute 202446 + 29187 = 231633."", ""Compute 183 + 452 = 635."", ""Compute 199 * 386 = 76814."", ""Compute 635 * 76814 = 48776890."", ""Compute 231633 - 48776890 = -48545257.""]",-48545257
OOD,(((259 * 487) + (460 - 295)) - ((121 * 276) * (113 - 302))),"[""Compute 259 * 487 = 126133."", ""Compute 460 - 295 = 165."", ""Compute 126133 + 165 = 126298."", ""Compute 121 * 276 = 33396."", ""Compute 113 - 302 = -189."", ""Compute 33396 * -189 = -6311844."", ""Compute 126298 - -6311844 = 6438142.""]",6438142
OOD,(((451 - 266) - (144 * 211)) - ((233 * 384) - (477 + 139))),"[""Compute 451 - 266 = 185."", ""Compute 144 * 211 = 30384."", ""Compute 185 - 30384 = -30199."", ""Compute 233 * 384 = 89472."", ""Compute 477 + 139 = 616."", ""Compute 89472 - 616 = 88856."", ""Compute -30199 - 88856 = -119055.""]",-119055
OOD,(((377 + 468) * (241 * 351)) - ((246 + 134) + (390 + 207))),"[""Compute 377 + 468 = 845."", ""Compute 241 * 351 = 84591."", ""Compute 845 * 84591 = 71479395."", ""Compute 246 + 134 = 380."", ""Compute 390 + 207 = 597."", ""Compute 380 + 597 = 977."", ""Compute 71479395 - 977 = 71478418.""]",71478418
OOD,(((220 - 446) - (413 - 315)) + ((122 + 179) - (317 * 188))),"[""Compute 220 - 446 = -226."", ""Compute 413 - 315 = 98."", ""Compute -226 - 98 = -324."", ""Compute 122 + 179 = 301."", ""Compute 317 * 188 = 59596."", ""Compute 301 - 59596 = -59295."", ""Compute -324 + -59295 = -59619.""]",-59619
OOD,(((410 - 412) * (294 + 470)) * ((493 + 341) + (166 * 177))),"[""Compute 410 - 412 = -2."", ""Compute 294 + 470 = 764."", ""Compute -2 * 764 = -1528."", ""Compute 493 + 341 = 834."", ""Compute 166 * 177 = 29382."", ""Compute 834 + 29382 = 30216."", ""Compute -1528 * 30216 = -46170048.""]",-46170048
OOD,(((475 * 117) + (191 * 318)) * ((154 + 207) - (139 + 421))),"[""Compute 475 * 117 = 55575."", ""Compute 191 * 318 = 60738."", ""Compute 55575 + 60738 = 116313."", ""Compute 154 + 207 = 361."", ""Compute 139 + 421 = 560."", ""Compute 361 - 560 = -199."", ""Compute 116313 * -199 = -23146287.""]",-23146287
OOD,(((308 + 410) * (237 - 103)) * ((316 * 497) + (490 * 190))),"[""Compute 308 + 410 = 718."", ""Compute 237 - 103 = 134."", ""Compute 718 * 134 = 96212."", ""Compute 316 * 497 = 157052."", ""Compute 490 * 190 = 93100."", ""Compute 157052 + 93100 = 250152."", ""Compute 96212 * 250152 = 24067624224.""]",24067624224
OOD,(((175 - 212) * (310 + 122)) * ((404 - 256) * (271 * 330))),"[""Compute 175 - 212 = -37."", ""Compute 310 + 122 = 432."", ""Compute -37 * 432 = -15984."", ""Compute 404 - 256 = 148."", ""Compute 271 * 330 = 89430."", ""Compute 148 * 89430 = 13235640."", ""Compute -15984 * 13235640 = -211558469760.""]",-211558469760
OOD,(((444 * 300) - (130 - 268)) * ((367 * 297) - (241 + 353))),"[""Compute 444 * 300 = 133200."", ""Compute 130 - 268 = -138."", ""Compute 133200 - -138 = 133338."", ""Compute 367 * 297 = 108999."", ""Compute 241 + 353 = 594."", ""Compute 108999 - 594 = 108405."", ""Compute 133338 * 108405 = 14454505890.""]",14454505890
OOD,(((212 + 247) - (167 + 299)) * ((489 * 251) - (236 * 226))),"[""Compute 212 + 247 = 459."", ""Compute 167 + 299 = 466."", ""Compute 459 - 466 = -7."", ""Compute 489 * 251 = 122739."", ""Compute 236 * 226 = 53336."", ""Compute 122739 - 53336 = 69403."", ""Compute -7 * 69403 = -485821.""]",-485821
OOD,(((423 - 423) + (448 * 315)) - ((486 - 126) - (262 + 112))),"[""Compute 423 - 423 = 0."", ""Compute 448 * 315 = 141120."", ""Compute 0 + 141120 = 141120."", ""Compute 486 - 126 = 360."", ""Compute 262 + 112 = 374."", ""Compute 360 - 374 = -14."", ""Compute 141120 - -14 = 141134.""]",141134
OOD,(((264 - 284) - (124 * 430)) * ((397 - 134) - (226 - 363))),"[""Compute 264 - 284 = -20."", ""Compute 124 * 430 = 53320."", ""Compute -20 - 53320 = -53340."", ""Compute 397 - 134 = 263."", ""Compute 226 - 363 = -137."", ""Compute 263 - -137 = 400."", ""Compute -53340 * 400 = -21336000.""]",-21336000
OOD,(((146 * 388) * (347 - 384)) + ((103 * 459) + (447 - 154))),"[""Compute 146 * 388 = 56648."", ""Compute 347 - 384 = -37."", ""Compute 56648 * -37 = -2095976."", ""Compute 103 * 459 = 47277."", ""Compute 447 - 154 = 293."", ""Compute 47277 + 293 = 47570."", ""Compute -2095976 + 47570 = -2048406.""]",-2048406
OOD,(((387 - 390) * (252 - 452)) + ((435 - 290) + (215 - 410))),"[""Compute 387 - 390 = -3."", ""Compute 252 - 452 = -200."", ""Compute -3 * -200 = 600."", ""Compute 435 - 290 = 145."", ""Compute 215 - 410 = -195."", ""Compute 145 + -195 = -50."", ""Compute 600 + -50 = 550.""]",550
OOD,(((194 + 430) * (233 - 486)) * ((151 - 491) * (355 - 371))),"[""Compute 194 + 430 = 624."", ""Compute 233 - 486 = -253."", ""Compute 624 * -253 = -157872."", ""Compute 151 - 491 = -340."", ""Compute 355 - 371 = -16."", ""Compute -340 * -16 = 5440."", ""Compute -157872 * 5440 = -858823680.""]",-858823680
OOD,(((164 + 398) - (324 - 105)) + ((339 - 349) + (192 - 411))),"[""Compute 164 + 398 = 562."", ""Compute 324 - 105 = 219."", ""Compute 562 - 219 = 343."", ""Compute 339 - 349 = -10."", ""Compute 192 - 411 = -219."", ""Compute -10 + -219 = -229."", ""Compute 343 + -229 = 114.""]",114
OOD,(((464 * 182) * (125 - 341)) - ((149 + 483) - (290 * 479))),"[""Compute 464 * 182 = 84448."", ""Compute 125 - 341 = -216."", ""Compute 84448 * -216 = -18240768."", ""Compute 149 + 483 = 632."", ""Compute 290 * 479 = 138910."", ""Compute 632 - 138910 = -138278."", ""Compute -18240768 - -138278 = -18102490.""]",-18102490
OOD,(((485 + 185) - (377 * 269)) - ((156 * 143) + (290 + 268))),"[""Compute 485 + 185 = 670."", ""Compute 377 * 269 = 101413."", ""Compute 670 - 101413 = -100743."", ""Compute 156 * 143 = 22308."", ""Compute 290 + 268 = 558."", ""Compute 22308 + 558 = 22866."", ""Compute -100743 - 22866 = -123609.""]",-123609
OOD,(((266 - 489) - (160 * 303)) + ((201 - 395) * (420 * 396))),"[""Compute 266 - 489 = -223."", ""Compute 160 * 303 = 48480."", ""Compute -223 - 48480 = -48703."", ""Compute 201 - 395 = -194."", ""Compute 420 * 396 = 166320."", ""Compute -194 * 166320 = -32266080."", ""Compute -48703 + -32266080 = -32314783.""]",-32314783
OOD,(((273 + 321) + (323 * 171)) * ((455 * 463) - (230 + 262))),"[""Compute 273 + 321 = 594."", ""Compute 323 * 171 = 55233."", ""Compute 594 + 55233 = 55827."", ""Compute 455 * 463 = 210665."", ""Compute 230 + 262 = 492."", ""Compute 210665 - 492 = 210173."", ""Compute 55827 * 210173 = 11733328071.""]",11733328071
OOD,(((498 + 280) * (279 * 112)) - ((221 - 485) - (227 * 261))),"[""Compute 498 + 280 = 778."", ""Compute 279 * 112 = 31248."", ""Compute 778 * 31248 = 24310944."", ""Compute 221 - 485 = -264."", ""Compute 227 * 261 = 59247."", ""Compute -264 - 59247 = -59511."", ""Compute 24310944 - -59511 = 24370455.""]",24370455
OOD,(((495 * 356) + (404 + 111)) + ((149 - 306) + (206 * 438))),"[""Compute 495 * 356 = 176220."", ""Compute 404 + 111 = 515."", ""Compute 176220 + 515 = 176735."", ""Compute 149 - 306 = -157."", ""Compute 206 * 438 = 90228."", ""Compute -157 + 90228 = 90071."", ""Compute 176735 + 90071 = 266806.""]",266806
OOD,(((183 + 325) - (191 + 172)) + ((153 * 115) + (465 * 383))),"[""Compute 183 + 325 = 508."", ""Compute 191 + 172 = 363."", ""Compute 508 - 363 = 145."", ""Compute 153 * 115 = 17595."", ""Compute 465 * 383 = 178095."", ""Compute 17595 + 178095 = 195690."", ""Compute 145 + 195690 = 195835.""]",195835
OOD,(((448 - 366) - (174 * 455)) * ((487 * 252) - (388 * 259))),"[""Compute 448 - 366 = 82."", ""Compute 174 * 455 = 79170."", ""Compute 82 - 79170 = -79088."", ""Compute 487 * 252 = 122724."", ""Compute 388 * 259 = 100492."", ""Compute 122724 - 100492 = 22232."", ""Compute -79088 * 22232 = -1758284416.""]",-1758284416
OOD,(((413 - 182) + (354 + 485)) * ((173 * 177) * (356 + 162))),"[""Compute 413 - 182 = 231."", ""Compute 354 + 485 = 839."", ""Compute 231 + 839 = 1070."", ""Compute 173 * 177 = 30621."", ""Compute 356 + 162 = 518."", ""Compute 30621 * 518 = 15861678."", ""Compute 1070 * 15861678 = 16971995460.""]",16971995460
OOD,(((382 + 191) * (322 * 410)) + ((310 - 285) * (340 * 492))),"[""Compute 382 + 191 = 573."", ""Compute 322 * 410 = 132020."", ""Compute 573 * 132020 = 75647460."", ""Compute 310 - 285 = 25."", ""Compute 340 * 492 = 167280."", ""Compute 25 * 167280 = 4182000."", ""Compute 75647460 + 4182000 = 79829460.""]",79829460
OOD,(((195 * 328) + (168 * 360)) - ((393 + 335) + (119 * 230))),"[""Compute 195 * 328 = 63960."", ""Compute 168 * 360 = 60480."", ""Compute 63960 + 60480 = 124440."", ""Compute 393 + 335 = 728."", ""Compute 119 * 230 = 27370."", ""Compute 728 + 27370 = 28098."", ""Compute 124440 - 28098 = 96342.""]",96342
OOD,(((344 - 271) - (213 - 498)) - ((146 - 348) - (358 - 497))),"[""Compute 344 - 271 = 73."", ""Compute 213 - 498 = -285."", ""Compute 73 - -285 = 358."", ""Compute 146 - 348 = -202."", ""Compute 358 - 497 = -139."", ""Compute -202 - -139 = -63."", ""Compute 358 - -63 = 421.""]",421
OOD,(((246 + 366) + (475 - 174)) + ((436 * 411) * (157 * 347))),"[""Compute 246 + 366 = 612."", ""Compute 475 - 174 = 301."", ""Compute 612 + 301 = 913."", ""Compute 436 * 411 = 179196."", ""Compute 157 * 347 = 54479."", ""Compute 179196 * 54479 = 9762418884."", ""Compute 913 + 9762418884 = 9762419797.""]",9762419797
OOD,(((205 - 353) + (497 * 118)) * ((443 * 428) + (458 * 297))),"[""Compute 205 - 353 = -148."", ""Compute 497 * 118 = 58646."", ""Compute -148 + 58646 = 58498."", ""Compute 443 * 428 = 189604."", ""Compute 458 * 297 = 136026."", ""Compute 189604 + 136026 = 325630."", ""Compute 58498 * 325630 = 19048703740.""]",19048703740
OOD,(((479 * 394) + (117 + 172)) * ((395 * 271) * (348 - 236))),"[""Compute 479 * 394 = 188726."", ""Compute 117 + 172 = 289."", ""Compute 188726 + 289 = 189015."", ""Compute 395 * 271 = 107045."", ""Compute 348 - 236 = 112."", ""Compute 107045 * 112 = 11989040."", ""Compute 189015 * 11989040 = 2266108395600.""]",2266108395600
OOD,(((310 + 143) - (289 * 129)) + ((431 * 427) - (151 - 116))),"[""Compute 310 + 143 = 453."", ""Compute 289 * 129 = 37281."", ""Compute 453 - 37281 = -36828."", ""Compute 431 * 427 = 184037."", ""Compute 151 - 116 = 35."", ""Compute 184037 - 35 = 184002."", ""Compute -36828 + 184002 = 147174.""]",147174
OOD,(((116 - 372) + (497 * 338)) + ((122 + 152) + (374 + 429))),"[""Compute 116 - 372 = -256."", ""Compute 497 * 338 = 167986."", ""Compute -256 + 167986 = 167730."", ""Compute 122 + 152 = 274."", ""Compute 374 + 429 = 803."", ""Compute 274 + 803 = 1077."", ""Compute 167730 + 1077 = 168807.""]",168807
OOD,(((346 + 186) - (164 * 482)) - ((419 * 358) - (257 - 449))),"[""Compute 346 + 186 = 532."", ""Compute 164 * 482 = 79048."", ""Compute 532 - 79048 = -78516."", ""Compute 419 * 358 = 150002."", ""Compute 257 - 449 = -192."", ""Compute 150002 - -192 = 150194."", ""Compute -78516 - 150194 = -228710.""]",-228710
OOD,(((372 * 433) - (102 - 104)) - ((149 * 450) - (447 - 128))),"[""Compute 372 * 433 = 161076."", ""Compute 102 - 104 = -2."", ""Compute 161076 - -2 = 161078."", ""Compute 149 * 450 = 67050."", ""Compute 447 - 128 = 319."", ""Compute 67050 - 319 = 66731."", ""Compute 161078 - 66731 = 94347.""]",94347
OOD,(((394 * 494) + (266 + 311)) + ((441 - 227) - (458 - 112))),"[""Compute 394 * 494 = 194636."", ""Compute 266 + 311 = 577."", ""Compute 194636 + 577 = 195213."", ""Compute 441 - 227 = 214."", ""Compute 458 - 112 = 346."", ""Compute 214 - 346 = -132."", ""Compute 195213 + -132 = 195081.""]",195081
OOD,(((450 * 324) + (316 + 110)) * ((499 + 182) + (500 - 479))),"[""Compute 450 * 324 = 145800."", ""Compute 316 + 110 = 426."", ""Compute 145800 + 426 = 146226."", ""Compute 499 + 182 = 681."", ""Compute 500 - 479 = 21."", ""Compute 681 + 21 = 702."", ""Compute 146226 * 702 = 102650652.""]",102650652
OOD,(((326 * 202) - (305 * 326)) * ((288 - 279) * (116 - 489))),"[""Compute 326 * 202 = 65852."", ""Compute 305 * 326 = 99430."", ""Compute 65852 - 99430 = -33578."", ""Compute 288 - 279 = 9."", ""Compute 116 - 489 = -373."", ""Compute 9 * -373 = -3357."", ""Compute -33578 * -3357 = 112721346.""]",112721346
OOD,(((116 + 262) + (349 - 300)) + ((448 - 182) * (231 * 105))),"[""Compute 116 + 262 = 378."", ""Compute 349 - 300 = 49."", ""Compute 378 + 49 = 427."", ""Compute 448 - 182 = 266."", ""Compute 231 * 105 = 24255."", ""Compute 266 * 24255 = 6451830."", ""Compute 427 + 6451830 = 6452257.""]",6452257
OOD,(((194 + 263) + (492 + 189)) - ((435 - 403) * (264 - 390))),"[""Compute 194 + 263 = 457."", ""Compute 492 + 189 = 681."", ""Compute 457 + 681 = 1138."", ""Compute 435 - 403 = 32."", ""Compute 264 - 390 = -126."", ""Compute 32 * -126 = -4032."", ""Compute 1138 - -4032 = 5170.""]",5170
OOD,(((252 * 305) * (404 + 183)) * ((433 - 190) - (389 * 173))),"[""Compute 252 * 305 = 76860."", ""Compute 404 + 183 = 587."", ""Compute 76860 * 587 = 45116820."", ""Compute 433 - 190 = 243."", ""Compute 389 * 173 = 67297."", ""Compute 243 - 67297 = -67054."", ""Compute 45116820 * -67054 = -3025263248280.""]",-3025263248280
OOD,(((281 - 191) * (485 * 216)) + ((352 - 153) * (170 - 375))),"[""Compute 281 - 191 = 90."", ""Compute 485 * 216 = 104760."", ""Compute 90 * 104760 = 9428400."", ""Compute 352 - 153 = 199."", ""Compute 170 - 375 = -205."", ""Compute 199 * -205 = -40795."", ""Compute 9428400 + -40795 = 9387605.""]",9387605
OOD,(((198 - 340) + (137 * 285)) + ((257 * 456) + (406 - 251))),"[""Compute 198 - 340 = -142."", ""Compute 137 * 285 = 39045."", ""Compute -142 + 39045 = 38903."", ""Compute 257 * 456 = 117192."", ""Compute 406 - 251 = 155."", ""Compute 117192 + 155 = 117347."", ""Compute 38903 + 117347 = 156250.""]",156250
OOD,(((473 * 218) * (330 * 280)) - ((249 * 302) - (113 * 481))),"[""Compute 473 * 218 = 103114."", ""Compute 330 * 280 = 92400."", ""Compute 103114 * 92400 = 9527733600."", ""Compute 249 * 302 = 75198."", ""Compute 113 * 481 = 54353."", ""Compute 75198 - 54353 = 20845."", ""Compute 9527733600 - 20845 = 9527712755.""]",9527712755
OOD,(((337 - 201) + (369 + 316)) - ((283 + 305) * (197 - 157))),"[""Compute 337 - 201 = 136."", ""Compute 369 + 316 = 685."", ""Compute 136 + 685 = 821."", ""Compute 283 + 305 = 588."", ""Compute 197 - 157 = 40."", ""Compute 588 * 40 = 23520."", ""Compute 821 - 23520 = -22699.""]",-22699
OOD,(((297 * 468) * (486 + 329)) - ((198 * 215) - (163 + 248))),"[""Compute 297 * 468 = 138996."", ""Compute 486 + 329 = 815."", ""Compute 138996 * 815 = 113281740."", ""Compute 198 * 215 = 42570."", ""Compute 163 + 248 = 411."", ""Compute 42570 - 411 = 42159."", ""Compute 113281740 - 42159 = 113239581.""]",113239581
OOD,(((222 + 189) * (337 + 399)) + ((479 - 500) - (107 * 257))),"[""Compute 222 + 189 = 411."", ""Compute 337 + 399 = 736."", ""Compute 411 * 736 = 302496."", ""Compute 479 - 500 = -21."", ""Compute 107 * 257 = 27499."", ""Compute -21 - 27499 = -27520."", ""Compute 302496 + -27520 = 274976.""]",274976
OOD,(((339 - 156) + (407 * 313)) - ((300 - 376) - (449 - 473))),"[""Compute 339 - 156 = 183."", ""Compute 407 * 313 = 127391."", ""Compute 183 + 127391 = 127574."", ""Compute 300 - 376 = -76."", ""Compute 449 - 473 = -24."", ""Compute -76 - -24 = -52."", ""Compute 127574 - -52 = 127626.""]",127626
OOD,(((295 + 497) * (111 * 353)) + ((287 * 295) - (205 + 396))),"[""Compute 295 + 497 = 792."", ""Compute 111 * 353 = 39183."", ""Compute 792 * 39183 = 31032936."", ""Compute 287 * 295 = 84665."", ""Compute 205 + 396 = 601."", ""Compute 84665 - 601 = 84064."", ""Compute 31032936 + 84064 = 31117000.""]",31117000
OOD,(((273 - 287) - (497 * 351)) + ((278 - 148) - (222 - 393))),"[""Compute 273 - 287 = -14."", ""Compute 497 * 351 = 174447."", ""Compute -14 - 174447 = -174461."", ""Compute 278 - 148 = 130."", ""Compute 222 - 393 = -171."", ""Compute 130 - -171 = 301."", ""Compute -174461 + 301 = -174160.""]",-174160
OOD,(((372 * 240) + (374 * 280)) * ((248 + 355) + (193 + 450))),"[""Compute 372 * 240 = 89280."", ""Compute 374 * 280 = 104720."", ""Compute 89280 + 104720 = 194000."", ""Compute 248 + 355 = 603."", ""Compute 193 + 450 = 643."", ""Compute 603 + 643 = 1246."", ""Compute 194000 * 1246 = 241724000.""]",241724000
OOD,(((330 + 111) * (151 * 243)) - ((383 - 460) - (396 * 143))),"[""Compute 330 + 111 = 441."", ""Compute 151 * 243 = 36693."", ""Compute 441 * 36693 = 16181613."", ""Compute 383 - 460 = -77."", ""Compute 396 * 143 = 56628."", ""Compute -77 - 56628 = -56705."", ""Compute 16181613 - -56705 = 16238318.""]",16238318
OOD,(((167 * 377) - (424 + 445)) * ((396 - 282) * (151 + 232))),"[""Compute 167 * 377 = 62959."", ""Compute 424 + 445 = 869."", ""Compute 62959 - 869 = 62090."", ""Compute 396 - 282 = 114."", ""Compute 151 + 232 = 383."", ""Compute 114 * 383 = 43662."", ""Compute 62090 * 43662 = 2710973580.""]",2710973580
OOD,(((424 - 430) - (369 + 178)) + ((263 - 319) * (149 + 186))),"[""Compute 424 - 430 = -6."", ""Compute 369 + 178 = 547."", ""Compute -6 - 547 = -553."", ""Compute 263 - 319 = -56."", ""Compute 149 + 186 = 335."", ""Compute -56 * 335 = -18760."", ""Compute -553 + -18760 = -19313.""]",-19313
OOD,(((352 - 294) - (203 * 325)) * ((149 * 213) + (320 + 401))),"[""Compute 352 - 294 = 58."", ""Compute 203 * 325 = 65975."", ""Compute 58 - 65975 = -65917."", ""Compute 149 * 213 = 31737."", ""Compute 320 + 401 = 721."", ""Compute 31737 + 721 = 32458."", ""Compute -65917 * 32458 = -2139533986.""]",-2139533986
OOD,(((143 * 162) * (228 * 366)) * ((162 - 307) - (488 * 102))),"[""Compute 143 * 162 = 23166."", ""Compute 228 * 366 = 83448."", ""Compute 23166 * 83448 = 1933156368."", ""Compute 162 - 307 = -145."", ""Compute 488 * 102 = 49776."", ""Compute -145 - 49776 = -49921."", ""Compute 1933156368 * -49921 = -96505099046928.""]",-96505099046928
OOD,(((188 + 462) * (109 + 460)) * ((472 + 123) * (194 - 419))),"[""Compute 188 + 462 = 650."", ""Compute 109 + 460 = 569."", ""Compute 650 * 569 = 369850."", ""Compute 472 + 123 = 595."", ""Compute 194 - 419 = -225."", ""Compute 595 * -225 = -133875."", ""Compute 369850 * -133875 = -49513668750.""]",-49513668750
OOD,(((239 - 283) * (395 - 314)) - ((284 - 152) * (192 * 308))),"[""Compute 239 - 283 = -44."", ""Compute 395 - 314 = 81."", ""Compute -44 * 81 = -3564."", ""Compute 284 - 152 = 132."", ""Compute 192 * 308 = 59136."", ""Compute 132 * 59136 = 7805952."", ""Compute -3564 - 7805952 = -7809516.""]",-7809516
OOD,(((249 * 185) + (150 - 299)) * ((238 * 469) + (399 + 275))),"[""Compute 249 * 185 = 46065."", ""Compute 150 - 299 = -149."", ""Compute 46065 + -149 = 45916."", ""Compute 238 * 469 = 111622."", ""Compute 399 + 275 = 674."", ""Compute 111622 + 674 = 112296."", ""Compute 45916 * 112296 = 5156183136.""]",5156183136
OOD,(((200 + 112) + (393 + 392)) - ((385 * 394) * (413 - 476))),"[""Compute 200 + 112 = 312."", ""Compute 393 + 392 = 785."", ""Compute 312 + 785 = 1097."", ""Compute 385 * 394 = 151690."", ""Compute 413 - 476 = -63."", ""Compute 151690 * -63 = -9556470."", ""Compute 1097 - -9556470 = 9557567.""]",9557567
OOD,(((184 * 421) + (495 * 347)) - ((449 * 381) * (175 - 468))),"[""Compute 184 * 421 = 77464."", ""Compute 495 * 347 = 171765."", ""Compute 77464 + 171765 = 249229."", ""Compute 449 * 381 = 171069."", ""Compute 175 - 468 = -293."", ""Compute 171069 * -293 = -50123217."", ""Compute 249229 - -50123217 = 50372446.""]",50372446
OOD,(((124 + 137) + (172 * 456)) * ((130 - 116) + (437 + 347))),"[""Compute 124 + 137 = 261."", ""Compute 172 * 456 = 78432."", ""Compute 261 + 78432 = 78693."", ""Compute 130 - 116 = 14."", ""Compute 437 + 347 = 784."", ""Compute 14 + 784 = 798."", ""Compute 78693 * 798 = 62797014.""]",62797014
OOD,(((362 - 165) - (177 + 345)) + ((483 * 148) - (372 - 339))),"[""Compute 362 - 165 = 197."", ""Compute 177 + 345 = 522."", ""Compute 197 - 522 = -325."", ""Compute 483 * 148 = 71484."", ""Compute 372 - 339 = 33."", ""Compute 71484 - 33 = 71451."", ""Compute -325 + 71451 = 71126.""]",71126
OOD,(((421 + 204) - (391 - 327)) + ((455 - 248) * (250 + 398))),"[""Compute 421 + 204 = 625."", ""Compute 391 - 327 = 64."", ""Compute 625 - 64 = 561."", ""Compute 455 - 248 = 207."", ""Compute 250 + 398 = 648."", ""Compute 207 * 648 = 134136."", ""Compute 561 + 134136 = 134697.""]",134697
OOD,(((427 - 283) - (291 + 147)) * ((245 * 250) + (317 - 496))),"[""Compute 427 - 283 = 144."", ""Compute 291 + 147 = 438."", ""Compute 144 - 438 = -294."", ""Compute 245 * 250 = 61250."", ""Compute 317 - 496 = -179."", ""Compute 61250 + -179 = 61071."", ""Compute -294 * 61071 = -17954874.""]",-17954874
OOD,(((100 * 466) * (107 - 200)) + ((148 + 388) * (360 - 158))),"[""Compute 100 * 466 = 46600."", ""Compute 107 - 200 = -93."", ""Compute 46600 * -93 = -4333800."", ""Compute 148 + 388 = 536."", ""Compute 360 - 158 = 202."", ""Compute 536 * 202 = 108272."", ""Compute -4333800 + 108272 = -4225528.""]",-4225528
OOD,(((257 + 131) * (296 - 270)) - ((273 * 419) + (224 + 367))),"[""Compute 257 + 131 = 388."", ""Compute 296 - 270 = 26."", ""Compute 388 * 26 = 10088."", ""Compute 273 * 419 = 114387."", ""Compute 224 + 367 = 591."", ""Compute 114387 + 591 = 114978."", ""Compute 10088 - 114978 = -104890.""]",-104890
OOD,(((362 * 484) + (222 + 488)) - ((209 - 361) + (319 * 381))),"[""Compute 362 * 484 = 175208."", ""Compute 222 + 488 = 710."", ""Compute 175208 + 710 = 175918."", ""Compute 209 - 361 = -152."", ""Compute 319 * 381 = 121539."", ""Compute -152 + 121539 = 121387."", ""Compute 175918 - 121387 = 54531.""]",54531
OOD,(((349 - 274) - (149 * 383)) + ((101 + 462) * (108 - 495))),"[""Compute 349 - 274 = 75."", ""Compute 149 * 383 = 57067."", ""Compute 75 - 57067 = -56992."", ""Compute 101 + 462 = 563."", ""Compute 108 - 495 = -387."", ""Compute 563 * -387 = -217881."", ""Compute -56992 + -217881 = -274873.""]",-274873
OOD,(((387 - 334) + (323 - 266)) + ((391 + 216) * (257 + 210))),"[""Compute 387 - 334 = 53."", ""Compute 323 - 266 = 57."", ""Compute 53 + 57 = 110."", ""Compute 391 + 216 = 607."", ""Compute 257 + 210 = 467."", ""Compute 607 * 467 = 283469."", ""Compute 110 + 283469 = 283579.""]",283579
OOD,(((410 - 455) + (335 * 457)) + ((363 * 119) - (448 + 101))),"[""Compute 410 - 455 = -45."", ""Compute 335 * 457 = 153095."", ""Compute -45 + 153095 = 153050."", ""Compute 363 * 119 = 43197."", ""Compute 448 + 101 = 549."", ""Compute 43197 - 549 = 42648."", ""Compute 153050 + 42648 = 195698.""]",195698
OOD,(((342 + 117) - (253 * 319)) - ((443 * 320) - (423 - 174))),"[""Compute 342 + 117 = 459."", ""Compute 253 * 319 = 80707."", ""Compute 459 - 80707 = -80248."", ""Compute 443 * 320 = 141760."", ""Compute 423 - 174 = 249."", ""Compute 141760 - 249 = 141511."", ""Compute -80248 - 141511 = -221759.""]",-221759
OOD,(((192 - 496) * (493 - 483)) + ((433 + 127) - (379 * 105))),"[""Compute 192 - 496 = -304."", ""Compute 493 - 483 = 10."", ""Compute -304 * 10 = -3040."", ""Compute 433 + 127 = 560."", ""Compute 379 * 105 = 39795."", ""Compute 560 - 39795 = -39235."", ""Compute -3040 + -39235 = -42275.""]",-42275
OOD,(((197 - 483) * (146 - 192)) - ((418 + 187) * (161 - 242))),"[""Compute 197 - 483 = -286."", ""Compute 146 - 192 = -46."", ""Compute -286 * -46 = 13156."", ""Compute 418 + 187 = 605."", ""Compute 161 - 242 = -81."", ""Compute 605 * -81 = -49005."", ""Compute 13156 - -49005 = 62161.""]",62161
OOD,(((393 - 341) - (270 + 259)) * ((379 * 218) + (183 * 330))),"[""Compute 393 - 341 = 52."", ""Compute 270 + 259 = 529."", ""Compute 52 - 529 = -477."", ""Compute 379 * 218 = 82622."", ""Compute 183 * 330 = 60390."", ""Compute 82622 + 60390 = 143012."", ""Compute -477 * 143012 = -68216724.""]",-68216724
OOD,(((443 + 450) + (429 - 400)) * ((154 + 123) * (104 * 156))),"[""Compute 443 + 450 = 893."", ""Compute 429 - 400 = 29."", ""Compute 893 + 29 = 922."", ""Compute 154 + 123 = 277."", ""Compute 104 * 156 = 16224."", ""Compute 277 * 16224 = 4494048."", ""Compute 922 * 4494048 = 4143512256.""]",4143512256
OOD,(((415 * 229) * (222 * 336)) + ((446 + 337) + (428 * 312))),"[""Compute 415 * 229 = 95035."", ""Compute 222 * 336 = 74592."", ""Compute 95035 * 74592 = 7088850720."", ""Compute 446 + 337 = 783."", ""Compute 428 * 312 = 133536."", ""Compute 783 + 133536 = 134319."", ""Compute 7088850720 + 134319 = 7088985039.""]",7088985039
OOD,(((159 - 191) + (253 + 241)) * ((449 * 343) + (242 + 354))),"[""Compute 159 - 191 = -32."", ""Compute 253 + 241 = 494."", ""Compute -32 + 494 = 462."", ""Compute 449 * 343 = 154007."", ""Compute 242 + 354 = 596."", ""Compute 154007 + 596 = 154603."", ""Compute 462 * 154603 = 71426586.""]",71426586
OOD,(((214 * 328) * (242 + 159)) - ((272 + 171) * (299 * 167))),"[""Compute 214 * 328 = 70192."", ""Compute 242 + 159 = 401."", ""Compute 70192 * 401 = 28146992."", ""Compute 272 + 171 = 443."", ""Compute 299 * 167 = 49933."", ""Compute 443 * 49933 = 22120319."", ""Compute 28146992 - 22120319 = 6026673.""]",6026673
OOD,(((338 + 158) + (148 * 361)) + ((173 - 417) - (337 - 220))),"[""Compute 338 + 158 = 496."", ""Compute 148 * 361 = 53428."", ""Compute 496 + 53428 = 53924."", ""Compute 173 - 417 = -244."", ""Compute 337 - 220 = 117."", ""Compute -244 - 117 = -361."", ""Compute 53924 + -361 = 53563.""]",53563
OOD,(((127 * 117) * (218 * 249)) + ((333 + 408) - (134 + 121))),"[""Compute 127 * 117 = 14859."", ""Compute 218 * 249 = 54282."", ""Compute 14859 * 54282 = 806576238."", ""Compute 333 + 408 = 741."", ""Compute 134 + 121 = 255."", ""Compute 741 - 255 = 486."", ""Compute 806576238 + 486 = 806576724.""]",806576724
OOD,(((396 + 404) * (358 - 137)) * ((402 + 138) * (171 - 447))),"[""Compute 396 + 404 = 800."", ""Compute 358 - 137 = 221."", ""Compute 800 * 221 = 176800."", ""Compute 402 + 138 = 540."", ""Compute 171 - 447 = -276."", ""Compute 540 * -276 = -149040."", ""Compute 176800 * -149040 = -26350272000.""]",-26350272000
OOD,(((126 + 316) + (305 + 373)) * ((406 + 479) + (329 * 369))),"[""Compute 126 + 316 = 442."", ""Compute 305 + 373 = 678."", ""Compute 442 + 678 = 1120."", ""Compute 406 + 479 = 885."", ""Compute 329 * 369 = 121401."", ""Compute 885 + 121401 = 122286."", ""Compute 1120 * 122286 = 136960320.""]",136960320
OOD,(((303 + 117) * (167 + 499)) - ((135 + 376) + (433 - 111))),"[""Compute 303 + 117 = 420."", ""Compute 167 + 499 = 666."", ""Compute 420 * 666 = 279720."", ""Compute 135 + 376 = 511."", ""Compute 433 - 111 = 322."", ""Compute 511 + 322 = 833."", ""Compute 279720 - 833 = 278887.""]",278887
OOD,(((187 * 402) + (419 * 469)) * ((272 + 110) * (150 - 209))),"[""Compute 187 * 402 = 75174."", ""Compute 419 * 469 = 196511."", ""Compute 75174 + 196511 = 271685."", ""Compute 272 + 110 = 382."", ""Compute 150 - 209 = -59."", ""Compute 382 * -59 = -22538."", ""Compute 271685 * -22538 = -6123236530.""]",-6123236530
OOD,(((144 * 291) - (172 - 427)) * ((341 + 151) - (107 + 480))),"[""Compute 144 * 291 = 41904."", ""Compute 172 - 427 = -255."", ""Compute 41904 - -255 = 42159."", ""Compute 341 + 151 = 492."", ""Compute 107 + 480 = 587."", ""Compute 492 - 587 = -95."", ""Compute 42159 * -95 = -4005105.""]",-4005105
OOD,(((299 - 239) + (205 * 258)) * ((137 + 148) * (344 * 485))),"[""Compute 299 - 239 = 60."", ""Compute 205 * 258 = 52890."", ""Compute 60 + 52890 = 52950."", ""Compute 137 + 148 = 285."", ""Compute 344 * 485 = 166840."", ""Compute 285 * 166840 = 47549400."", ""Compute 52950 * 47549400 = 2517740730000.""]",2517740730000
OOD,(((443 - 492) + (359 - 148)) * ((130 - 433) - (103 + 298))),"[""Compute 443 - 492 = -49."", ""Compute 359 - 148 = 211."", ""Compute -49 + 211 = 162."", ""Compute 130 - 433 = -303."", ""Compute 103 + 298 = 401."", ""Compute -303 - 401 = -704."", ""Compute 162 * -704 = -114048.""]",-114048
OOD,(((342 * 242) * (163 * 117)) + ((298 * 242) * (338 * 187))),"[""Compute 342 * 242 = 82764."", ""Compute 163 * 117 = 19071."", ""Compute 82764 * 19071 = 1578392244."", ""Compute 298 * 242 = 72116."", ""Compute 338 * 187 = 63206."", ""Compute 72116 * 63206 = 4558163896."", ""Compute 1578392244 + 4558163896 = 6136556140.""]",6136556140
OOD,(((339 - 123) * (489 * 238)) + ((428 - 130) - (362 - 366))),"[""Compute 339 - 123 = 216."", ""Compute 489 * 238 = 116382."", ""Compute 216 * 116382 = 25138512."", ""Compute 428 - 130 = 298."", ""Compute 362 - 366 = -4."", ""Compute 298 - -4 = 302."", ""Compute 25138512 + 302 = 25138814.""]",25138814
OOD,(((352 + 223) - (109 + 304)) * ((205 + 315) + (101 + 478))),"[""Compute 352 + 223 = 575."", ""Compute 109 + 304 = 413."", ""Compute 575 - 413 = 162."", ""Compute 205 + 315 = 520."", ""Compute 101 + 478 = 579."", ""Compute 520 + 579 = 1099."", ""Compute 162 * 1099 = 178038.""]",178038
OOD,(((404 + 156) + (314 - 244)) + ((448 + 482) * (284 - 276))),"[""Compute 404 + 156 = 560."", ""Compute 314 - 244 = 70."", ""Compute 560 + 70 = 630."", ""Compute 448 + 482 = 930."", ""Compute 284 - 276 = 8."", ""Compute 930 * 8 = 7440."", ""Compute 630 + 7440 = 8070.""]",8070
OOD,(((314 - 232) + (139 - 287)) - ((339 - 315) * (190 + 229))),"[""Compute 314 - 232 = 82."", ""Compute 139 - 287 = -148."", ""Compute 82 + -148 = -66."", ""Compute 339 - 315 = 24."", ""Compute 190 + 229 = 419."", ""Compute 24 * 419 = 10056."", ""Compute -66 - 10056 = -10122.""]",-10122
OOD,(((329 * 168) + (453 + 422)) * ((314 * 419) * (222 * 479))),"[""Compute 329 * 168 = 55272."", ""Compute 453 + 422 = 875."", ""Compute 55272 + 875 = 56147."", ""Compute 314 * 419 = 131566."", ""Compute 222 * 479 = 106338."", ""Compute 131566 * 106338 = 13990465308."", ""Compute 56147 * 13990465308 = 785522655648276.""]",785522655648276
OOD,(((183 - 249) - (166 + 264)) * ((266 * 485) - (322 + 457))),"[""Compute 183 - 249 = -66."", ""Compute 166 + 264 = 430."", ""Compute -66 - 430 = -496."", ""Compute 266 * 485 = 129010."", ""Compute 322 + 457 = 779."", ""Compute 129010 - 779 = 128231."", ""Compute -496 * 128231 = -63602576.""]",-63602576
OOD,(((400 - 470) * (309 + 474)) - ((354 + 467) - (150 * 194))),"[""Compute 400 - 470 = -70."", ""Compute 309 + 474 = 783."", ""Compute -70 * 783 = -54810."", ""Compute 354 + 467 = 821."", ""Compute 150 * 194 = 29100."", ""Compute 821 - 29100 = -28279."", ""Compute -54810 - -28279 = -26531.""]",-26531
OOD,(((208 * 235) - (320 + 282)) + ((393 - 279) - (494 + 294))),"[""Compute 208 * 235 = 48880."", ""Compute 320 + 282 = 602."", ""Compute 48880 - 602 = 48278."", ""Compute 393 - 279 = 114."", ""Compute 494 + 294 = 788."", ""Compute 114 - 788 = -674."", ""Compute 48278 + -674 = 47604.""]",47604
OOD,(((290 - 344) + (456 + 109)) - ((363 - 142) + (224 * 356))),"[""Compute 290 - 344 = -54."", ""Compute 456 + 109 = 565."", ""Compute -54 + 565 = 511."", ""Compute 363 - 142 = 221."", ""Compute 224 * 356 = 79744."", ""Compute 221 + 79744 = 79965."", ""Compute 511 - 79965 = -79454.""]",-79454
OOD,(((154 + 459) - (370 - 267)) + ((217 - 160) * (492 * 197))),"[""Compute 154 + 459 = 613."", ""Compute 370 - 267 = 103."", ""Compute 613 - 103 = 510."", ""Compute 217 - 160 = 57."", ""Compute 492 * 197 = 96924."", ""Compute 57 * 96924 = 5524668."", ""Compute 510 + 5524668 = 5525178.""]",5525178
OOD,(((160 + 220) + (309 + 230)) * ((159 + 115) + (129 - 134))),"[""Compute 160 + 220 = 380."", ""Compute 309 + 230 = 539."", ""Compute 380 + 539 = 919."", ""Compute 159 + 115 = 274."", ""Compute 129 - 134 = -5."", ""Compute 274 + -5 = 269."", ""Compute 919 * 269 = 247211.""]",247211
OOD,(((495 - 109) * (295 - 144)) - ((459 + 333) + (122 + 490))),"[""Compute 495 - 109 = 386."", ""Compute 295 - 144 = 151."", ""Compute 386 * 151 = 58286."", ""Compute 459 + 333 = 792."", ""Compute 122 + 490 = 612."", ""Compute 792 + 612 = 1404."", ""Compute 58286 - 1404 = 56882.""]",56882
OOD,(((346 + 113) - (329 + 348)) * ((374 - 331) - (158 * 460))),"[""Compute 346 + 113 = 459."", ""Compute 329 + 348 = 677."", ""Compute 459 - 677 = -218."", ""Compute 374 - 331 = 43."", ""Compute 158 * 460 = 72680."", ""Compute 43 - 72680 = -72637."", ""Compute -218 * -72637 = 15834866.""]",15834866
OOD,(((464 + 314) - (379 + 175)) + ((386 - 120) + (352 * 402))),"[""Compute 464 + 314 = 778."", ""Compute 379 + 175 = 554."", ""Compute 778 - 554 = 224."", ""Compute 386 - 120 = 266."", ""Compute 352 * 402 = 141504."", ""Compute 266 + 141504 = 141770."", ""Compute 224 + 141770 = 141994.""]",141994
OOD,(((486 - 448) - (179 - 229)) + ((262 - 211) - (202 * 379))),"[""Compute 486 - 448 = 38."", ""Compute 179 - 229 = -50."", ""Compute 38 - -50 = 88."", ""Compute 262 - 211 = 51."", ""Compute 202 * 379 = 76558."", ""Compute 51 - 76558 = -76507."", ""Compute 88 + -76507 = -76419.""]",-76419
OOD,(((116 + 132) - (367 * 333)) - ((312 + 224) + (122 * 101))),"[""Compute 116 + 132 = 248."", ""Compute 367 * 333 = 122211."", ""Compute 248 - 122211 = -121963."", ""Compute 312 + 224 = 536."", ""Compute 122 * 101 = 12322."", ""Compute 536 + 12322 = 12858."", ""Compute -121963 - 12858 = -134821.""]",-134821
OOD,(((456 * 277) * (259 + 143)) - ((333 - 443) * (335 * 208))),"[""Compute 456 * 277 = 126312."", ""Compute 259 + 143 = 402."", ""Compute 126312 * 402 = 50777424."", ""Compute 333 - 443 = -110."", ""Compute 335 * 208 = 69680."", ""Compute -110 * 69680 = -7664800."", ""Compute 50777424 - -7664800 = 58442224.""]",58442224
OOD,(((234 * 390) * (467 + 187)) + ((319 * 422) * (354 + 186))),"[""Compute 234 * 390 = 91260."", ""Compute 467 + 187 = 654."", ""Compute 91260 * 654 = 59684040."", ""Compute 319 * 422 = 134618."", ""Compute 354 + 186 = 540."", ""Compute 134618 * 540 = 72693720."", ""Compute 59684040 + 72693720 = 132377760.""]",132377760
OOD,(((184 + 298) - (281 + 198)) - ((400 - 106) + (433 + 279))),"[""Compute 184 + 298 = 482."", ""Compute 281 + 198 = 479."", ""Compute 482 - 479 = 3."", ""Compute 400 - 106 = 294."", ""Compute 433 + 279 = 712."", ""Compute 294 + 712 = 1006."", ""Compute 3 - 1006 = -1003.""]",-1003
OOD,(((324 - 311) * (168 - 223)) * ((409 + 239) - (174 * 233))),"[""Compute 324 - 311 = 13."", ""Compute 168 - 223 = -55."", ""Compute 13 * -55 = -715."", ""Compute 409 + 239 = 648."", ""Compute 174 * 233 = 40542."", ""Compute 648 - 40542 = -39894."", ""Compute -715 * -39894 = 28524210.""]",28524210
OOD,(((470 - 289) * (486 + 261)) * ((366 * 397) + (306 * 374))),"[""Compute 470 - 289 = 181."", ""Compute 486 + 261 = 747."", ""Compute 181 * 747 = 135207."", ""Compute 366 * 397 = 145302."", ""Compute 306 * 374 = 114444."", ""Compute 145302 + 114444 = 259746."", ""Compute 135207 * 259746 = 35119477422.""]",35119477422
OOD,(((308 + 175) * (460 - 347)) - ((390 - 229) + (263 * 128))),"[""Compute 308 + 175 = 483."", ""Compute 460 - 347 = 113."", ""Compute 483 * 113 = 54579."", ""Compute 390 - 229 = 161."", ""Compute 263 * 128 = 33664."", ""Compute 161 + 33664 = 33825."", ""Compute 54579 - 33825 = 20754.""]",20754
OOD,(((373 * 197) + (396 * 235)) - ((364 - 148) - (487 - 277))),"[""Compute 373 * 197 = 73481."", ""Compute 396 * 235 = 93060."", ""Compute 73481 + 93060 = 166541."", ""Compute 364 - 148 = 216."", ""Compute 487 - 277 = 210."", ""Compute 216 - 210 = 6."", ""Compute 166541 - 6 = 166535.""]",166535
OOD,(((299 - 342) + (211 + 298)) - ((105 + 433) * (494 + 361))),"[""Compute 299 - 342 = -43."", ""Compute 211 + 298 = 509."", ""Compute -43 + 509 = 466."", ""Compute 105 + 433 = 538."", ""Compute 494 + 361 = 855."", ""Compute 538 * 855 = 459990."", ""Compute 466 - 459990 = -459524.""]",-459524
OOD,(((137 + 387) * (125 + 274)) * ((118 + 397) - (334 - 219))),"[""Compute 137 + 387 = 524."", ""Compute 125 + 274 = 399."", ""Compute 524 * 399 = 209076."", ""Compute 118 + 397 = 515."", ""Compute 334 - 219 = 115."", ""Compute 515 - 115 = 400."", ""Compute 209076 * 400 = 83630400.""]",83630400
